Home,Other Slow,Other Fast,Total
0.0,6.6,0.0,6.6
0.0,6.6,0.0,6.6
0.0,6.6,0.0,6.6
0.0,6.6,0.0,6.6
0.0,6.6,0.0,6.6
0.0,6.6,0.0,6.6
0.0,6.6,0.0,6.6
0.0,6.6,0.0,6.6
0.0,6.6,0.0,6.6
0.0,6.6,0.0,6.6
0.0,6.6,0.0,6.6
0.0,6.6,0.0,6.6
0.0,6.6,0.0,6.6
0.0,6.6,0.0,6.6
0.0,6.6,0.0,6.6
0.0,6.6,0.0,6.6
0.0,6.6,0.0,6.6
0.0,6.6,0.0,6.6
0.0,6.6,0.0,6.6
0.0,6.6,0.0,6.6
0.0,6.6,0.0,6.6
0.0,6.6,0.0,6.6
0.0,6.6,0.0,6.6
0.0,6.6,0.0,6.6
0.0,6.6,0.0,6.6
0.0,6.6,0.0,6.6
0.0,6.6,0.0,6.6
0.0,6.6,0.0,6.6
0.0,6.6,0.0,6.6
0.0,6.6,0.0,6.6
0.0,6.6,0.0,6.6
0.0,6.6,0.0,6.6
0.0,6.6,0.0,6.6
0.0,6.6,0.0,6.6
0.0,6.6,0.0,6.6
0.0,6.6,0.0,6.6
0.0,6.6,0.0,6.6
0.0,6.6,0.0,6.6
0.0,6.6,0.0,6.6
0.0,6.6,0.0,6.6
0.0,6.6,0.0,6.6
0.0,6.6,0.0,6.6
0.0,6.6,0.0,6.6
0.0,6.6,0.0,6.6
0.0,6.6,0.0,6.6
0.0,6.6,0.0,6.6
0.0,6.6,0.0,6.6
0.0,6.6,0.0,6.6
0.0,6.6,0.0,6.6
0.0,6.6,0.0,6.6
0.0,6.6,0.0,6.6
0.0,6.6,0.0,6.6
0.0,6.6,0.0,6.6
0.0,6.6,0.0,6.6
0.0,6.6,0.0,6.6
0.0,6.6,0.0,6.6
0.0,6.6,0.0,6.6
0.0,6.6,0.0,6.6
0.0,6.6,0.0,6.6
0.0,6.6,0.0,6.6
0.0,6.6,0.0,6.6
0.0,6.6,0.0,6.6
0.0,6.6,0.0,6.6
0.0,6.6,0.0,6.6
0.0,6.6,0.0,6.6
0.0,6.6,0.0,6.6
0.0,6.6,0.0,6.6
0.0,6.6,0.0,6.6
0.0,6.6,0.0,6.6
0.0,6.6,0.0,6.6
0.0,6.6,0.0,6.6
0.0,6.6,0.0,6.6
0.0,6.6,0.0,6.6
0.0,6.6,0.0,6.6
0.0,6.6,0.0,6.6
0.0,6.6,0.0,6.6
0.0,6.6,0.0,6.6
0.0,6.6,0.0,6.6
0.0,6.6,0.0,6.6
0.0,6.6,0.0,6.6
0.0,6.6,0.0,6.6
0.0,6.6,0.0,6.6
0.0,6.6,0.0,6.6
0.0,6.6,0.0,6.6
0.0,6.6,0.0,6.6
0.0,6.6,0.0,6.6
0.0,6.6,0.0,6.6
0.0,6.6,0.0,6.6
0.0,6.6,0.0,6.6
0.0,6.6,0.0,6.6
0.0,6.6,0.0,6.6
0.0,6.6,0.0,6.6
0.0,6.6,0.0,6.6
0.0,6.6,0.0,6.6
0.0,6.6,0.0,6.6
0.0,6.6,0.0,6.6
0.0,6.6,0.0,6.6
0.0,6.6,0.0,6.6
0.0,6.6,0.0,6.6
0.0,6.6,0.0,6.6
0.0,6.6,0.0,6.6
0.0,6.6,0.0,6.6
0.0,6.6,0.0,6.6
0.0,6.6,0.0,6.6
0.0,6.6,0.0,6.6
0.0,6.6,0.0,6.6
0.0,6.6,0.0,6.6
0.0,6.6,0.0,6.6
0.0,6.6,0.0,6.6
0.0,6.6,0.0,6.6
0.0,6.6,0.0,6.6
0.0,6.6,0.0,6.6
0.0,6.6,0.0,6.6
0.0,6.6,0.0,6.6
0.0,6.6,0.0,6.6
0.0,6.6,0.0,6.6
0.0,6.6,0.0,6.6
0.0,6.6,0.0,6.6
0.0,6.6,0.0,6.6
0.0,6.6,0.0,6.6
0.0,6.6,0.0,6.6
0.0,6.6,0.0,6.6
0.0,6.6,0.0,6.6
0.0,6.6,0.0,6.6
0.0,6.6,0.0,6.6
0.0,6.6,0.0,6.6
0.0,6.6,0.0,6.6
0.0,6.6,0.0,6.6
0.0,6.6,0.0,6.6
0.0,6.6,0.0,6.6
0.0,6.6,0.0,6.6
0.0,6.6,0.0,6.6
0.0,6.6,0.0,6.6
0.0,6.6,0.0,6.6
0.0,6.6,0.0,6.6
0.0,6.6,0.0,6.6
0.0,6.6,0.0,6.6
0.0,6.6,0.0,6.6
0.0,6.6,0.0,6.6
0.0,6.6,0.0,6.6
0.0,6.6,0.0,6.6
0.0,6.6,0.0,6.6
0.0,0.0,0.0,0.0
0.0,0.0,0.0,0.0
0.0,0.0,0.0,0.0
0.0,0.0,0.0,0.0
0.0,0.0,0.0,0.0
0.0,0.0,0.0,0.0
0.0,0.0,0.0,0.0
0.0,0.0,0.0,0.0
0.0,0.0,0.0,0.0
0.0,0.0,0.0,0.0
0.0,0.0,0.0,0.0
0.0,0.0,0.0,0.0
0.0,0.0,0.0,0.0
0.0,0.0,0.0,0.0
0.0,0.0,0.0,0.0
0.0,0.0,0.0,0.0
0.0,0.0,0.0,0.0
0.0,0.0,0.0,0.0
0.0,0.0,0.0,0.0
0.0,0.0,0.0,0.0
0.0,0.0,0.0,0.0
0.0,0.0,0.0,0.0
0.0,0.0,0.0,0.0
0.0,0.0,0.0,0.0
0.0,0.0,0.0,0.0
0.0,0.0,0.0,0.0
0.0,0.0,0.0,0.0
0.0,0.0,0.0,0.0
0.0,0.0,0.0,0.0
0.0,0.0,0.0,0.0
0.0,0.0,0.0,0.0
0.0,0.0,0.0,0.0
0.0,0.0,0.0,0.0
0.0,0.0,0.0,0.0
0.0,0.0,0.0,0.0
0.0,0.0,0.0,0.0
0.0,0.0,0.0,0.0
0.0,0.0,0.0,0.0
0.0,0.0,0.0,0.0
0.0,0.0,0.0,0.0
0.0,0.0,0.0,0.0
0.0,0.0,0.0,0.0
0.0,0.0,0.0,0.0
0.0,0.0,0.0,0.0
0.0,0.0,0.0,0.0
0.0,0.0,0.0,0.0
0.0,0.0,0.0,0.0
0.0,0.0,0.0,0.0
0.0,0.0,0.0,0.0
0.0,0.0,0.0,0.0
0.0,0.0,0.0,0.0
0.0,0.0,0.0,0.0
0.0,0.0,0.0,0.0
0.0,0.0,0.0,0.0
0.0,0.0,0.0,0.0
0.0,0.0,0.0,0.0
0.0,0.0,0.0,0.0
0.0,0.0,0.0,0.0
0.0,0.0,0.0,0.0
0.0,0.0,0.0,0.0
0.0,0.0,0.0,0.0
0.0,0.0,0.0,0.0
0.0,0.0,0.0,0.0
0.0,0.0,0.0,0.0
0.0,0.0,0.0,0.0
0.0,0.0,0.0,0.0
0.0,0.0,0.0,0.0
6.6,0.0,0.0,6.6
6.6,0.0,0.0,6.6
6.6,0.0,0.0,6.6
6.6,0.0,0.0,6.6
6.6,0.0,0.0,6.6
6.6,0.0,0.0,6.6
6.6,0.0,0.0,6.6
6.6,0.0,0.0,6.6
6.6,0.0,0.0,6.6
6.6,0.0,0.0,6.6
6.6,0.0,0.0,6.6
6.6,0.0,0.0,6.6
6.6,0.0,0.0,6.6
6.6,0.0,0.0,6.6
6.6,0.0,0.0,6.6
6.6,0.0,0.0,6.6
6.6,0.0,0.0,6.6
6.6,0.0,0.0,6.6
6.6,0.0,0.0,6.6
6.6,0.0,0.0,6.6
6.6,0.0,0.0,6.6
6.6,0.0,0.0,6.6
6.6,0.0,0.0,6.6
6.6,0.0,0.0,6.6
6.6,0.0,0.0,6.6
6.6,0.0,0.0,6.6
6.6,0.0,0.0,6.6
6.6,0.0,0.0,6.6
6.6,0.0,0.0,6.6
6.6,0.0,0.0,6.6
6.6,0.0,0.0,6.6
6.6,0.0,0.0,6.6
6.6,0.0,0.0,6.6
6.6,0.0,0.0,6.6
6.6,0.0,0.0,6.6
6.6,0.0,0.0,6.6
6.6,0.0,0.0,6.6
6.6,0.0,0.0,6.6
6.6,0.0,0.0,6.6
6.6,0.0,0.0,6.6
6.6,0.0,0.0,6.6
6.6,0.0,0.0,6.6
6.6,0.0,0.0,6.6
6.6,0.0,0.0,6.6
6.6,0.0,0.0,6.6
6.6,0.0,0.0,6.6
6.6,0.0,0.0,6.6
6.6,0.0,0.0,6.6
6.6,0.0,0.0,6.6
6.6,0.0,0.0,6.6
6.6,0.0,0.0,6.6
6.6,0.0,0.0,6.6
6.6,0.0,0.0,6.6
6.6,0.0,0.0,6.6
6.6,0.0,0.0,6.6
6.6,0.0,0.0,6.6
6.6,0.0,0.0,6.6
6.6,0.0,0.0,6.6
6.6,0.0,0.0,6.6
6.6,0.0,0.0,6.6
6.6,0.0,0.0,6.6
6.6,0.0,0.0,6.6
6.6,0.0,0.0,6.6
6.6,0.0,0.0,6.6
6.6,0.0,0.0,6.6
6.6,0.0,0.0,6.6
6.6,0.0,0.0,6.6
6.6,0.0,0.0,6.6
6.6,0.0,0.0,6.6
6.6,0.0,0.0,6.6
6.6,0.0,0.0,6.6
6.6,0.0,0.0,6.6
6.6,0.0,0.0,6.6
6.6,0.0,0.0,6.6
6.6,0.0,0.0,6.6
6.6,0.0,0.0,6.6
6.6,0.0,0.0,6.6
6.6,0.0,0.0,6.6
6.6,0.0,0.0,6.6
6.6,0.0,0.0,6.6
6.6,0.0,0.0,6.6
6.6,0.0,0.0,6.6
6.6,0.0,0.0,6.6
6.6,0.0,0.0,6.6
6.6,0.0,0.0,6.6
6.6,0.0,0.0,6.6
6.6,0.0,0.0,6.6
6.6,0.0,0.0,6.6
6.6,0.0,0.0,6.6
6.6,0.0,0.0,6.6
6.6,0.0,0.0,6.6
6.6,0.0,0.0,6.6
6.6,0.0,0.0,6.6
6.6,0.0,0.0,6.6
6.6,0.0,0.0,6.6
6.6,0.0,0.0,6.6
6.6,0.0,0.0,6.6
6.6,0.0,0.0,6.6
6.6,0.0,0.0,6.6
6.6,0.0,0.0,6.6
6.6,0.0,0.0,6.6
6.6,0.0,0.0,6.6
6.6,0.0,0.0,6.6
6.6,0.0,0.0,6.6
6.6,0.0,0.0,6.6
6.6,0.0,0.0,6.6
6.6,0.0,0.0,6.6
6.6,0.0,0.0,6.6
6.6,0.0,0.0,6.6
6.6,0.0,0.0,6.6
6.6,0.0,0.0,6.6
6.6,0.0,0.0,6.6
6.6,0.0,0.0,6.6
6.6,0.0,0.0,6.6
6.6,0.0,0.0,6.6
6.6,0.0,0.0,6.6
6.6,0.0,0.0,6.6
6.6,0.0,0.0,6.6
6.6,0.0,0.0,6.6
6.6,0.0,0.0,6.6
6.6,0.0,0.0,6.6
6.6,0.0,0.0,6.6
6.6,0.0,0.0,6.6
6.6,0.0,0.0,6.6
6.6,0.0,0.0,6.6
6.6,0.0,0.0,6.6
6.6,0.0,0.0,6.6
6.6,0.0,0.0,6.6
6.6,0.0,0.0,6.6
6.6,0.0,0.0,6.6
6.6,0.0,0.0,6.6
6.6,0.0,0.0,6.6
6.6,0.0,0.0,6.6
6.6,0.0,0.0,6.6
6.6,0.0,0.0,6.6
6.6,0.0,0.0,6.6
6.6,0.0,0.0,6.6
6.6,0.0,0.0,6.6
6.6,0.0,0.0,6.6
6.6,0.0,0.0,6.6
6.6,0.0,0.0,6.6
6.6,0.0,0.0,6.6
6.6,0.0,0.0,6.6
6.6,0.0,0.0,6.6
6.6,0.0,0.0,6.6
6.6,6.6,0.0,13.2
6.6,6.6,0.0,13.2
6.6,6.6,0.0,13.2
6.6,6.6,0.0,13.2
6.6,6.6,0.0,13.2
6.6,6.6,0.0,13.2
6.6,6.6,0.0,13.2
6.6,6.6,0.0,13.2
6.6,6.6,0.0,13.2
6.6,6.6,0.0,13.2
6.6,6.6,0.0,13.2
6.6,6.6,0.0,13.2
6.6,6.6,0.0,13.2
6.6,6.6,0.0,13.2
6.6,6.6,0.0,13.2
6.6,6.6,0.0,13.2
2.1316282072803006e-13,6.6,0.0,6.600000000000213
0.0,6.6,0.0,6.6
0.0,6.6,0.0,6.6
0.0,6.6,0.0,6.6
0.0,6.6,0.0,6.6
0.0,6.6,0.0,6.6
0.0,6.6,0.0,6.6
0.0,6.6,0.0,6.6
0.0,6.6,0.0,6.6
0.0,6.6,0.0,6.6
0.0,6.6,0.0,6.6
0.0,6.6,0.0,6.6
0.0,6.6,0.0,6.6
0.0,6.6,0.0,6.6
0.0,6.6,0.0,6.6
0.0,6.6,0.0,6.6
0.0,6.6,0.0,6.6
0.0,6.6,0.0,6.6
0.0,6.6,0.0,6.6
0.0,6.6,0.0,6.6
0.0,6.6,0.0,6.6
0.0,6.6,0.0,6.6
0.0,6.6,0.0,6.6
0.0,6.6,0.0,6.6
0.0,6.6,0.0,6.6
0.0,6.6,150.0,156.6
0.0,6.6,150.0,156.6
0.0,6.6,150.0,156.6
0.0,6.6,150.0,156.6
0.0,6.6,150.0,156.6
0.0,6.6,150.0,156.6
0.0,6.6,20.39999999999999,26.999999999999993
0.0,6.6,0.0,6.6
0.0,6.6,0.0,6.6
0.0,6.6,0.0,6.6
0.0,6.6,0.0,6.6
0.0,6.6,0.0,6.6
0.0,6.6,0.0,6.6
0.0,6.6,0.0,6.6
0.0,6.6,0.0,6.6
0.0,6.6,0.0,6.6
0.0,6.6,0.0,6.6
0.0,6.6,0.0,6.6
0.0,6.6,0.0,6.6
0.0,6.6,0.0,6.6
0.0,6.6,0.0,6.6
0.0,6.6,0.0,6.6
0.0,6.6,0.0,6.6
0.0,6.6,0.0,6.6
0.0,6.6,0.0,6.6
0.0,6.6,0.0,6.6
0.0,6.6,0.0,6.6
0.0,6.6,0.0,6.6
0.0,6.6,0.0,6.6
0.0,6.6,0.0,6.6
0.0,6.6,0.0,6.6
0.0,6.6,0.0,6.6
0.0,6.6,0.0,6.6
0.0,6.6,0.0,6.6
0.0,6.6,0.0,6.6
0.0,6.6,0.0,6.6
0.0,6.6,0.0,6.6
0.0,6.6,0.0,6.6
0.0,6.6,0.0,6.6
0.0,6.6,0.0,6.6
0.0,13.2,0.0,13.2
0.0,13.2,0.0,13.2
0.0,13.2,0.0,13.2
0.0,13.2,0.0,13.2
0.0,19.799999999999997,0.0,19.799999999999997
0.0,16.799999999999923,0.0,16.799999999999923
0.0,13.2,0.0,13.2
0.0,13.2,0.0,13.2
0.0,13.2,0.0,13.2
0.0,13.2,0.0,13.2
0.0,13.2,0.0,13.2
0.0,13.2,0.0,13.2
0.0,13.2,0.0,13.2
0.0,13.2,0.0,13.2
0.0,13.2,0.0,13.2
0.0,13.2,0.0,13.2
0.0,13.2,0.0,13.2
0.0,13.2,0.0,13.2
0.0,13.2,0.0,13.2
0.0,13.2,0.0,13.2
0.0,13.2,0.0,13.2
0.0,7.800000000000001,0.0,7.800000000000001
0.0,6.6,0.0,6.6
0.0,6.6,0.0,6.6
0.0,6.6,0.0,6.6
0.0,6.6,0.0,6.6
0.0,6.6,0.0,6.6
0.0,6.6,0.0,6.6
0.0,6.6,0.0,6.6
0.0,6.6,0.0,6.6
0.0,6.6,0.0,6.6
0.0,6.6,0.0,6.6
0.0,6.6,0.0,6.6
0.0,6.6,0.0,6.6
0.0,6.6,0.0,6.6
0.0,6.6,0.0,6.6
0.0,6.6,0.0,6.6
0.0,13.2,0.0,13.2
0.0,13.2,0.0,13.2
0.0,13.2,0.0,13.2
0.0,13.2,0.0,13.2
0.0,13.2,0.0,13.2
0.0,13.2,0.0,13.2
0.0,13.2,0.0,13.2
0.0,13.2,0.0,13.2
0.0,13.2,0.0,13.2
0.0,13.2,0.0,13.2
0.0,13.2,0.0,13.2
0.0,13.2,0.0,13.2
0.0,13.2,0.0,13.2
0.0,13.2,0.0,13.2
0.0,13.2,0.0,13.2
0.0,13.2,150.0,163.2
0.0,13.2,150.0,163.2
0.0,13.2,150.0,163.2
0.0,13.2,105.6,118.8
0.0,13.2,0.0,13.2
0.0,13.2,0.0,13.2
0.0,13.2,0.0,13.2
0.0,13.2,0.0,13.2
0.0,13.2,0.0,13.2
0.0,13.2,0.0,13.2
0.0,13.2,0.0,13.2
0.0,13.2,0.0,13.2
0.0,13.2,0.0,13.2
0.0,13.2,0.0,13.2
0.0,13.2,0.0,13.2
0.0,13.2,0.0,13.2
0.0,13.2,0.0,13.2
0.0,13.2,0.0,13.2
0.0,13.2,0.0,13.2
0.0,13.2,0.0,13.2
0.0,13.2,0.0,13.2
0.0,13.2,0.0,13.2
0.0,13.2,0.0,13.2
0.0,13.2,0.0,13.2
0.0,13.2,0.0,13.2
0.0,13.2,0.0,13.2
0.0,13.2,0.0,13.2
0.0,13.2,0.0,13.2
0.0,13.2,0.0,13.2
0.0,13.2,0.0,13.2
0.0,13.2,0.0,13.2
0.0,13.2,0.0,13.2
0.0,13.2,0.0,13.2
0.0,13.2,0.0,13.2
0.0,19.799999999999997,0.0,19.799999999999997
0.0,19.799999999999997,0.0,19.799999999999997
0.0,19.799999999999997,0.0,19.799999999999997
0.0,19.799999999999997,0.0,19.799999999999997
0.0,19.799999999999997,0.0,19.799999999999997
0.0,19.799999999999997,0.0,19.799999999999997
0.0,19.799999999999997,0.0,19.799999999999997
0.0,19.799999999999997,0.0,19.799999999999997
0.0,19.799999999999997,0.0,19.799999999999997
0.0,26.4,0.0,26.4
0.0,26.4,0.0,26.4
0.0,26.4,0.0,26.4
0.0,26.4,0.0,26.4
0.0,26.4,0.0,26.4
0.0,26.4,0.0,26.4
0.0,26.4,0.0,26.4
0.0,26.4,0.0,26.4
0.0,26.4,0.0,26.4
0.0,26.4,0.0,26.4
0.0,26.4,0.0,26.4
0.0,26.4,0.0,26.4
0.0,26.4,0.0,26.4
0.0,33.0,0.0,33.0
0.0,33.0,0.0,33.0
0.0,33.0,0.0,33.0
0.0,33.0,0.0,33.0
0.0,33.0,0.0,33.0
0.0,33.0,0.0,33.0
0.0,33.0,0.0,33.0
0.0,33.0,0.0,33.0
0.0,33.0,0.0,33.0
0.0,33.0,0.0,33.0
0.0,33.0,0.0,33.0
0.0,33.0,0.0,33.0
0.0,33.0,0.0,33.0
0.0,33.0,0.0,33.0
0.0,33.0,0.0,33.0
0.0,33.0,0.0,33.0
0.0,33.0,0.0,33.0
0.0,28.8,0.0,28.8
0.0,26.4,0.0,26.4
0.0,26.4,0.0,26.4
0.0,26.4,0.0,26.4
0.0,26.4,0.0,26.4
0.0,26.4,0.0,26.4
0.0,26.4,0.0,26.4
0.0,26.4,0.0,26.4
0.0,26.4,0.0,26.4
0.0,26.4,0.0,26.4
0.0,26.4,0.0,26.4
0.0,26.4,0.0,26.4
0.0,26.4,0.0,26.4
0.0,26.4,150.0,176.4
0.0,26.4,150.0,176.4
0.0,26.4,150.0,176.4
0.0,26.4,150.0,176.4
0.0,26.4,150.0,176.4
0.0,26.4,150.0,176.4
0.0,26.4,150.0,176.4
0.0,26.4,150.0,176.4
0.0,26.4,96.00000000000009,122.40000000000009
0.0,26.4,0.0,26.4
0.0,26.4,0.0,26.4
0.0,26.4,0.0,26.4
0.0,26.4,0.0,26.4
0.0,26.4,0.0,26.4
0.0,26.4,0.0,26.4
0.0,26.4,0.0,26.4
0.0,26.4,0.0,26.4
0.0,26.4,0.0,26.4
0.0,26.4,0.0,26.4
0.0,26.4,0.0,26.4
0.0,26.4,0.0,26.4
0.0,21.000000000000185,0.0,21.000000000000185
0.0,19.799999999999997,0.0,19.799999999999997
0.0,19.799999999999997,0.0,19.799999999999997
0.0,19.799999999999997,0.0,19.799999999999997
0.0,19.799999999999997,0.0,19.799999999999997
0.0,19.799999999999997,0.0,19.799999999999997
0.0,19.799999999999997,0.0,19.799999999999997
0.0,19.799999999999997,0.0,19.799999999999997
0.0,26.4,0.0,26.4
0.0,26.4,0.0,26.4
0.0,26.4,0.0,26.4
0.0,26.4,0.0,26.4
0.0,26.4,0.0,26.4
0.0,26.4,0.0,26.4
0.0,26.4,0.0,26.4
0.0,26.4,0.0,26.4
0.0,26.4,0.0,26.4
0.0,26.4,0.0,26.4
0.0,26.4,0.0,26.4
0.0,26.4,0.0,26.4
0.0,26.4,0.0,26.4
0.0,26.4,0.0,26.4
0.0,26.4,0.0,26.4
0.0,26.4,0.0,26.4
0.0,22.2,0.0,22.2
0.0,19.799999999999997,0.0,19.799999999999997
0.0,19.799999999999997,0.0,19.799999999999997
0.0,26.4,0.0,26.4
0.0,26.4,0.0,26.4
0.0,26.4,0.0,26.4
0.0,33.0,0.0,33.0
0.0,33.0,0.0,33.0
0.0,33.0,0.0,33.0
0.0,33.0,0.0,33.0
0.0,33.0,0.0,33.0
0.0,33.0,0.0,33.0
0.0,33.0,0.0,33.0
0.0,33.0,0.0,33.0
0.0,33.0,0.0,33.0
0.0,33.0,0.0,33.0
0.0,33.0,0.0,33.0
0.0,33.0,0.0,33.0
0.0,33.0,0.0,33.0
0.0,33.0,0.0,33.0
0.0,33.0,0.0,33.0
0.0,33.0,0.0,33.0
0.0,33.0,0.0,33.0
0.0,33.0,0.0,33.0
0.0,33.0,0.0,33.0
0.0,33.0,0.0,33.0
0.0,33.0,0.0,33.0
0.0,33.0,0.0,33.0
0.0,33.0,0.0,33.0
0.0,33.0,0.0,33.0
0.0,33.0,0.0,33.0
0.0,33.0,0.0,33.0
0.0,33.0,0.0,33.0
0.0,33.0,0.0,33.0
0.0,33.0,0.0,33.0
0.0,33.0,0.0,33.0
0.0,33.0,0.0,33.0
0.0,33.0,0.0,33.0
0.0,33.0,0.0,33.0
0.0,33.0,0.0,33.0
0.0,33.0,0.0,33.0
0.0,33.0,0.0,33.0
0.0,33.0,0.0,33.0
0.0,33.0,0.0,33.0
0.0,33.0,0.0,33.0
0.0,33.0,0.0,33.0
0.0,33.0,0.0,33.0
0.0,33.0,0.0,33.0
0.0,33.0,0.0,33.0
0.0,33.0,0.0,33.0
0.0,33.0,0.0,33.0
0.0,33.0,0.0,33.0
0.0,27.599999999999973,0.0,27.599999999999973
0.0,26.4,0.0,26.4
0.0,26.4,0.0,26.4
0.0,33.0,0.0,33.0
0.0,33.0,0.0,33.0
0.0,33.0,0.0,33.0
0.0,33.0,0.0,33.0
0.0,33.0,0.0,33.0
0.0,33.0,0.0,33.0
0.0,33.0,0.0,33.0
0.0,39.6,0.0,39.6
0.0,39.6,0.0,39.6
0.0,46.2,0.0,46.2
0.0,46.2,0.0,46.2
0.0,46.2,0.0,46.2
0.0,46.2,0.0,46.2
0.0,46.2,0.0,46.2
0.0,46.2,0.0,46.2
0.0,46.2,0.0,46.2
0.0,46.2,0.0,46.2
0.0,46.2,0.0,46.2
0.0,46.2,0.0,46.2
0.0,46.2,0.0,46.2
0.0,46.2,0.0,46.2
0.0,46.2,0.0,46.2
0.0,46.2,0.0,46.2
0.0,46.2,0.0,46.2
0.0,42.600000000000044,0.0,42.600000000000044
0.0,39.6,0.0,39.6
0.0,39.6,0.0,39.6
0.0,39.6,0.0,39.6
0.0,39.6,0.0,39.6
0.0,39.6,0.0,39.6
0.0,39.6,0.0,39.6
0.0,39.6,0.0,39.6
0.0,39.6,0.0,39.6
0.0,39.6,0.0,39.6
0.0,39.6,0.0,39.6
0.0,46.2,0.0,46.2
0.0,46.2,0.0,46.2
0.0,46.2,0.0,46.2
0.0,46.2,0.0,46.2
0.0,46.2,0.0,46.2
0.0,46.2,0.0,46.2
0.0,46.2,150.0,196.2
0.0,46.2,118.80000000000003,165.00000000000003
0.0,46.2,0.0,46.2
0.0,46.2,0.0,46.2
0.0,46.2,0.0,46.2
0.0,40.80000000000008,0.0,40.80000000000008
0.0,34.20000000000001,0.0,34.20000000000001
0.0,33.0,0.0,33.0
0.0,33.0,0.0,33.0
0.0,33.0,0.0,33.0
0.0,33.0,0.0,33.0
0.0,33.0,0.0,33.0
0.0,33.0,0.0,33.0
0.0,33.0,0.0,33.0
0.0,33.0,0.0,33.0
0.0,33.0,0.0,33.0
0.0,33.0,0.0,33.0
0.0,33.0,0.0,33.0
0.0,33.0,0.0,33.0
0.0,33.0,0.0,33.0
0.0,39.6,0.0,39.6
0.0,39.6,0.0,39.6
0.0,39.6,0.0,39.6
0.0,39.6,0.0,39.6
0.0,39.6,0.0,39.6
0.0,39.6,0.0,39.6
0.0,39.6,0.0,39.6
0.0,39.6,0.0,39.6
0.0,39.6,0.0,39.6
0.0,46.2,0.0,46.2
0.0,46.2,0.0,46.2
0.0,46.2,0.0,46.2
0.0,46.2,0.0,46.2
0.0,46.2,0.0,46.2
0.0,46.2,0.0,46.2
0.0,46.2,0.0,46.2
0.0,46.2,0.0,46.2
0.0,46.2,0.0,46.2
0.0,46.2,0.0,46.2
0.0,46.2,0.0,46.2
0.0,46.2,0.0,46.2
0.0,46.2,0.0,46.2
0.0,46.2,0.0,46.2
0.0,46.2,0.0,46.2
0.0,46.2,0.0,46.2
0.0,46.2,0.0,46.2
0.0,52.800000000000004,0.0,52.800000000000004
0.0,52.800000000000004,0.0,52.800000000000004
0.0,52.800000000000004,0.0,52.800000000000004
0.0,51.599999999999994,0.0,51.599999999999994
0.0,46.2,0.0,46.2
0.0,46.2,0.0,46.2
0.0,46.2,0.0,46.2
0.0,46.2,0.0,46.2
0.0,52.800000000000004,0.0,52.800000000000004
0.0,52.800000000000004,0.0,52.800000000000004
0.0,52.800000000000004,0.0,52.800000000000004
0.0,46.79999999999999,0.0,46.79999999999999
0.0,46.2,0.0,46.2
0.0,46.2,0.0,46.2
0.0,46.2,0.0,46.2
0.0,46.2,0.0,46.2
0.0,46.2,0.0,46.2
0.0,46.2,0.0,46.2
0.0,46.2,0.0,46.2
0.0,45.59999999999987,0.0,45.59999999999987
0.0,39.6,0.0,39.6
0.0,39.6,0.0,39.6
0.0,39.6,0.0,39.6
0.0,39.6,0.0,39.6
0.0,39.6,0.0,39.6
0.0,39.6,0.0,39.6
0.0,39.6,0.0,39.6
0.0,39.6,0.0,39.6
0.0,39.6,0.0,39.6
0.0,39.6,0.0,39.6
0.0,34.2,0.0,34.2
0.0,31.199999999999896,0.0,31.199999999999896
0.0,26.4,0.0,26.4
0.0,26.4,0.0,26.4
0.0,25.800000000000004,0.0,25.800000000000004
0.0,19.799999999999997,0.0,19.799999999999997
0.0,19.799999999999997,0.0,19.799999999999997
0.0,19.799999999999997,0.0,19.799999999999997
0.0,19.799999999999997,0.0,19.799999999999997
0.0,19.799999999999997,0.0,19.799999999999997
0.0,19.799999999999997,0.0,19.799999999999997
0.0,19.799999999999997,0.0,19.799999999999997
0.0,19.799999999999997,0.0,19.799999999999997
0.0,19.799999999999997,0.0,19.799999999999997
0.0,19.799999999999997,0.0,19.799999999999997
0.0,19.799999999999997,0.0,19.799999999999997
0.0,19.799999999999997,150.0,169.8
0.0,19.799999999999997,150.0,169.8
0.0,19.799999999999997,150.0,169.8
0.0,19.799999999999997,150.0,169.8
0.0,19.799999999999997,150.0,169.8
0.0,19.799999999999997,150.0,169.8
0.0,19.799999999999997,30.0,49.8
0.0,19.799999999999997,0.0,19.799999999999997
0.0,19.799999999999997,0.0,19.799999999999997
0.0,19.799999999999997,0.0,19.799999999999997
0.0,19.799999999999997,0.0,19.799999999999997
0.0,19.799999999999997,0.0,19.799999999999997
0.0,19.799999999999997,0.0,19.799999999999997
0.0,19.799999999999997,0.0,19.799999999999997
0.0,19.799999999999997,0.0,19.799999999999997
0.0,19.799999999999997,0.0,19.799999999999997
0.0,19.799999999999997,0.0,19.799999999999997
0.0,19.799999999999997,0.0,19.799999999999997
0.0,19.799999999999997,0.0,19.799999999999997
0.0,19.799999999999997,0.0,19.799999999999997
0.0,19.799999999999997,0.0,19.799999999999997
0.0,19.799999999999997,0.0,19.799999999999997
0.0,19.799999999999997,0.0,19.799999999999997
0.0,19.799999999999997,0.0,19.799999999999997
0.0,19.799999999999997,0.0,19.799999999999997
0.0,19.799999999999997,0.0,19.799999999999997
0.0,19.799999999999997,0.0,19.799999999999997
0.0,19.799999999999997,0.0,19.799999999999997
0.0,19.799999999999997,0.0,19.799999999999997
0.0,19.799999999999997,0.0,19.799999999999997
0.0,19.799999999999997,0.0,19.799999999999997
0.0,19.799999999999997,0.0,19.799999999999997
0.0,19.799999999999997,0.0,19.799999999999997
0.0,19.799999999999997,0.0,19.799999999999997
0.0,26.4,0.0,26.4
0.0,26.4,0.0,26.4
0.0,26.4,0.0,26.4
0.0,26.4,0.0,26.4
0.0,26.4,0.0,26.4
0.0,26.4,0.0,26.4
0.0,26.4,0.0,26.4
0.0,26.4,0.0,26.4
0.0,26.4,0.0,26.4
0.0,26.4,0.0,26.4
0.0,26.4,0.0,26.4
0.0,26.4,0.0,26.4
0.0,26.4,0.0,26.4
0.0,26.4,0.0,26.4
0.0,26.4,0.0,26.4
0.0,26.4,0.0,26.4
0.0,26.4,0.0,26.4
0.0,26.4,0.0,26.4
0.0,26.4,0.0,26.4
0.0,26.4,0.0,26.4
0.0,20.40000000000009,0.0,20.40000000000009
0.0,19.799999999999997,0.0,19.799999999999997
0.0,19.799999999999997,0.0,19.799999999999997
0.0,19.799999999999997,0.0,19.799999999999997
0.0,19.799999999999997,0.0,19.799999999999997
0.0,19.799999999999997,0.0,19.799999999999997
0.0,15.600000000000055,0.0,15.600000000000055
0.0,13.2,0.0,13.2
0.0,10.800000000000017,0.0,10.800000000000017
0.0,6.6,0.0,6.6
0.0,6.6,0.0,6.6
0.0,6.6,0.0,6.6
0.0,6.6,0.0,6.6
0.0,6.6,0.0,6.6
0.0,6.6,0.0,6.6
0.0,6.6,0.0,6.6
0.0,6.6,0.0,6.6
0.0,6.6,0.0,6.6
0.0,6.6,0.0,6.6
0.0,6.6,0.0,6.6
0.0,6.6,0.0,6.6
0.0,13.2,0.0,13.2
0.0,13.2,0.0,13.2
0.0,19.799999999999997,0.0,19.799999999999997
0.0,19.799999999999997,0.0,19.799999999999997
0.0,19.799999999999997,0.0,19.799999999999997
0.0,19.799999999999997,0.0,19.799999999999997
0.0,19.799999999999997,0.0,19.799999999999997
0.0,19.799999999999997,0.0,19.799999999999997
0.0,19.799999999999997,0.0,19.799999999999997
0.0,19.799999999999997,0.0,19.799999999999997
0.0,19.799999999999997,0.0,19.799999999999997
0.0,19.799999999999997,0.0,19.799999999999997
0.0,19.799999999999997,0.0,19.799999999999997
0.0,19.799999999999997,0.0,19.799999999999997
0.0,19.799999999999997,0.0,19.799999999999997
0.0,19.799999999999997,0.0,19.799999999999997
0.0,26.4,0.0,26.4
0.0,26.4,0.0,26.4
0.0,26.4,0.0,26.4
0.0,26.4,0.0,26.4
0.0,26.4,0.0,26.4
0.0,26.4,0.0,26.4
0.0,26.4,0.0,26.4
0.0,26.4,0.0,26.4
0.0,26.4,0.0,26.4
0.0,26.4,0.0,26.4
0.0,26.4,0.0,26.4
0.0,26.4,0.0,26.4
0.0,26.4,0.0,26.4
0.0,26.4,0.0,26.4
0.0,26.4,0.0,26.4
0.0,26.4,0.0,26.4
0.0,26.4,0.0,26.4
0.0,26.4,0.0,26.4
0.0,26.4,0.0,26.4
0.0,26.4,0.0,26.4
0.0,26.4,0.0,26.4
0.0,26.4,0.0,26.4
0.0,26.4,0.0,26.4
0.0,26.4,0.0,26.4
0.0,33.0,0.0,33.0
0.0,33.0,0.0,33.0
0.0,26.999999999999986,0.0,26.999999999999986
0.0,26.4,0.0,26.4
0.0,26.4,0.0,26.4
0.0,26.4,0.0,26.4
0.0,26.4,0.0,26.4
0.0,26.4,0.0,26.4
0.0,26.4,0.0,26.4
0.0,26.4,0.0,26.4
0.0,26.4,0.0,26.4
0.0,26.4,0.0,26.4
0.0,26.4,0.0,26.4
0.0,26.4,0.0,26.4
0.0,26.4,0.0,26.4
0.0,26.4,0.0,26.4
0.0,26.4,0.0,26.4
0.0,26.4,0.0,26.4
0.0,26.4,0.0,26.4
0.0,26.4,0.0,26.4
0.0,26.4,0.0,26.4
0.0,26.4,0.0,26.4
0.0,26.4,0.0,26.4
0.0,26.4,0.0,26.4
0.0,26.4,0.0,26.4
0.0,26.4,0.0,26.4
0.0,26.4,0.0,26.4
0.0,26.4,0.0,26.4
0.0,26.4,0.0,26.4
0.0,26.4,0.0,26.4
0.0,26.4,0.0,26.4
0.0,26.4,0.0,26.4
0.0,26.4,0.0,26.4
0.0,26.4,0.0,26.4
0.0,26.4,0.0,26.4
0.0,26.4,0.0,26.4
0.0,26.4,0.0,26.4
0.0,26.4,0.0,26.4
0.0,26.4,0.0,26.4
0.0,26.4,0.0,26.4
0.0,26.4,0.0,26.4
0.0,26.4,0.0,26.4
0.0,26.4,0.0,26.4
0.0,26.4,0.0,26.4
0.0,26.4,0.0,26.4
0.0,26.4,0.0,26.4
0.0,26.4,0.0,26.4
0.0,26.4,150.0,176.4
0.0,26.4,150.0,176.4
0.0,26.4,150.0,176.4
0.0,26.4,134.4,160.8
0.0,26.4,0.0,26.4
0.0,26.4,0.0,26.4
0.0,26.4,0.0,26.4
0.0,26.4,0.0,26.4
0.0,33.0,0.0,33.0
0.0,33.0,0.0,33.0
0.0,33.0,0.0,33.0
0.0,33.0,0.0,33.0
0.0,33.0,0.0,33.0
0.0,33.0,0.0,33.0
0.0,33.0,0.0,33.0
0.0,33.0,0.0,33.0
0.0,39.6,0.0,39.6
0.0,39.6,0.0,39.6
0.0,39.6,0.0,39.6
0.0,46.2,0.0,46.2
0.0,46.2,0.0,46.2
0.0,46.2,0.0,46.2
0.0,46.2,0.0,46.2
0.0,46.2,0.0,46.2
0.0,46.2,0.0,46.2
0.0,46.2,0.0,46.2
0.0,46.2,0.0,46.2
0.0,46.2,0.0,46.2
0.0,46.2,0.0,46.2
0.0,46.2,0.0,46.2
0.0,46.2,0.0,46.2
0.0,46.2,0.0,46.2
0.0,46.2,0.0,46.2
0.0,46.2,0.0,46.2
0.0,46.2,0.0,46.2
0.0,46.2,0.0,46.2
0.0,46.2,0.0,46.2
0.0,46.2,0.0,46.2
0.0,46.2,0.0,46.2
0.0,46.2,0.0,46.2
0.0,46.2,0.0,46.2
0.0,46.2,0.0,46.2
0.0,46.2,150.0,196.2
0.0,52.800000000000004,150.0,202.8
0.0,52.800000000000004,94.20000000000002,147.00000000000003
0.0,52.800000000000004,0.0,52.800000000000004
0.0,52.800000000000004,0.0,52.800000000000004
0.0,52.800000000000004,0.0,52.800000000000004
0.0,52.800000000000004,0.0,52.800000000000004
0.0,52.800000000000004,0.0,52.800000000000004
0.0,52.800000000000004,0.0,52.800000000000004
0.0,52.800000000000004,0.0,52.800000000000004
0.0,52.800000000000004,0.0,52.800000000000004
0.0,52.800000000000004,0.0,52.800000000000004
0.0,52.800000000000004,0.0,52.800000000000004
0.0,52.800000000000004,0.0,52.800000000000004
0.0,52.800000000000004,0.0,52.800000000000004
0.0,52.800000000000004,0.0,52.800000000000004
0.0,52.800000000000004,0.0,52.800000000000004
0.0,52.800000000000004,0.0,52.800000000000004
0.0,52.800000000000004,0.0,52.800000000000004
0.0,50.40000000000002,0.0,50.40000000000002
0.0,46.2,0.0,46.2
0.0,46.2,0.0,46.2
0.0,46.2,0.0,46.2
0.0,46.2,0.0,46.2
0.0,46.2,0.0,46.2
0.0,46.2,0.0,46.2
0.0,46.2,150.0,196.2
0.0,46.2,150.0,196.2
0.0,46.2,150.0,196.2
0.0,46.2,11.400000000000023,57.60000000000002
0.0,46.2,0.0,46.2
0.0,46.2,0.0,46.2
0.0,46.2,0.0,46.2
0.0,46.2,0.0,46.2
0.0,46.2,0.0,46.2
0.0,46.2,0.0,46.2
0.0,46.2,0.0,46.2
0.0,46.2,0.0,46.2
0.0,46.2,0.0,46.2
0.0,40.80000000000015,0.0,40.80000000000015
0.0,33.0,0.0,33.0
0.0,33.0,0.0,33.0
0.0,33.0,0.0,33.0
0.0,33.0,0.0,33.0
0.0,33.0,0.0,33.0
0.0,33.0,0.0,33.0
0.0,33.0,0.0,33.0
0.0,33.0,0.0,33.0
0.0,33.0,0.0,33.0
0.0,33.0,0.0,33.0
0.0,33.0,0.0,33.0
0.0,33.0,0.0,33.0
0.0,33.0,0.0,33.0
0.0,39.6,0.0,39.6
0.0,39.6,0.0,39.6
0.0,39.6,0.0,39.6
0.0,39.6,0.0,39.6
0.0,39.6,0.0,39.6
0.0,39.6,0.0,39.6
0.0,39.6,0.0,39.6
0.0,39.6,0.0,39.6
0.0,39.6,0.0,39.6
0.0,33.0,0.0,33.0
0.0,33.0,0.0,33.0
0.0,33.0,0.0,33.0
0.0,33.0,0.0,33.0
0.0,33.0,0.0,33.0
0.0,33.0,0.0,33.0
0.0,33.0,0.0,33.0
0.0,33.0,0.0,33.0
0.0,33.0,0.0,33.0
0.0,33.0,0.0,33.0
0.0,33.0,0.0,33.0
0.0,33.0,0.0,33.0
0.0,30.000000000000135,0.0,30.000000000000135
0.0,26.4,0.0,26.4
0.0,26.4,0.0,26.4
0.0,26.4,0.0,26.4
0.0,26.4,0.0,26.4
0.0,26.4,0.0,26.4
0.0,20.399999999999984,0.0,20.399999999999984
0.0,26.4,0.0,26.4
0.0,26.4,0.0,26.4
0.0,26.4,0.0,26.4
0.0,26.4,0.0,26.4
0.0,26.4,0.0,26.4
0.0,26.4,0.0,26.4
0.0,26.4,0.0,26.4
0.0,25.199999999999775,0.0,25.199999999999775
0.0,19.799999999999997,0.0,19.799999999999997
0.0,13.200000000000212,0.0,13.200000000000212
0.0,13.2,0.0,13.2
0.0,13.2,0.0,13.2
0.0,13.2,0.0,13.2
0.0,13.2,0.0,13.2
0.0,13.2,0.0,13.2
0.0,13.2,0.0,13.2
0.0,13.2,0.0,13.2
0.0,13.2,0.0,13.2
0.0,13.2,0.0,13.2
0.0,13.2,0.0,13.2
0.0,13.2,0.0,13.2
0.0,13.2,0.0,13.2
0.0,13.2,0.0,13.2
0.0,13.2,0.0,13.2
0.0,13.2,0.0,13.2
0.0,13.2,0.0,13.2
0.0,13.2,0.0,13.2
0.0,13.2,0.0,13.2
0.0,13.2,0.0,13.2
0.0,13.2,0.0,13.2
0.0,13.2,0.0,13.2
0.0,13.2,0.0,13.2
0.0,13.2,0.0,13.2
0.0,13.2,0.0,13.2
0.0,13.2,0.0,13.2
0.0,13.2,0.0,13.2
0.0,13.2,0.0,13.2
0.0,13.2,0.0,13.2
0.0,13.2,0.0,13.2
0.0,10.199999999999976,0.0,10.199999999999976
0.0,6.6,0.0,6.6
0.0,6.6,0.0,6.6
0.0,6.6,0.0,6.6
0.0,6.6,0.0,6.6
0.0,6.6,0.0,6.6
0.0,6.6,0.0,6.6
0.0,6.6,0.0,6.6
0.0,6.6,0.0,6.6
0.0,6.6,0.0,6.6
0.0,6.6,0.0,6.6
0.0,6.6,0.0,6.6
0.0,6.6,0.0,6.6
0.0,6.6,0.0,6.6
0.0,6.6,0.0,6.6
0.0,6.6,0.0,6.6
0.0,6.6,0.0,6.6
0.0,6.6,0.0,6.6
0.0,6.6,0.0,6.6
0.0,6.6,0.0,6.6
0.0,6.6,0.0,6.6
0.0,6.6,0.0,6.6
0.0,6.6,0.0,6.6
0.0,6.6,0.0,6.6
0.0,6.6,0.0,6.6
0.0,6.6,0.0,6.6
0.0,13.2,0.0,13.2
0.0,13.2,0.0,13.2
0.0,13.2,0.0,13.2
0.0,13.2,0.0,13.2
0.0,13.2,0.0,13.2
0.0,13.2,0.0,13.2
0.0,13.2,0.0,13.2
0.0,13.2,0.0,13.2
0.0,13.2,0.0,13.2
0.0,13.2,0.0,13.2
0.0,13.2,0.0,13.2
0.0,13.2,0.0,13.2
0.0,13.2,0.0,13.2
0.0,13.2,0.0,13.2
0.0,13.2,0.0,13.2
0.0,13.2,0.0,13.2
0.0,13.2,0.0,13.2
0.0,13.2,0.0,13.2
0.0,13.2,0.0,13.2
0.0,13.2,0.0,13.2
0.0,13.2,0.0,13.2
0.0,13.2,0.0,13.2
0.0,13.2,0.0,13.2
0.0,13.2,0.0,13.2
0.0,13.2,0.0,13.2
0.0,19.799999999999997,0.0,19.799999999999997
0.0,19.799999999999997,0.0,19.799999999999997
0.0,19.799999999999997,0.0,19.799999999999997
0.0,19.799999999999997,0.0,19.799999999999997
0.0,19.799999999999997,0.0,19.799999999999997
0.0,19.799999999999997,0.0,19.799999999999997
0.0,19.799999999999997,0.0,19.799999999999997
0.0,19.799999999999997,0.0,19.799999999999997
0.0,19.799999999999997,0.0,19.799999999999997
0.0,19.799999999999997,0.0,19.799999999999997
0.0,19.799999999999997,0.0,19.799999999999997
0.0,19.799999999999997,0.0,19.799999999999997
0.0,19.799999999999997,0.0,19.799999999999997
0.0,19.799999999999997,0.0,19.799999999999997
0.0,19.799999999999997,0.0,19.799999999999997
0.0,19.799999999999997,0.0,19.799999999999997
0.0,19.799999999999997,0.0,19.799999999999997
0.0,19.799999999999997,0.0,19.799999999999997
0.0,19.799999999999997,0.0,19.799999999999997
0.0,19.799999999999997,0.0,19.799999999999997
0.0,19.799999999999997,0.0,19.799999999999997
0.0,19.799999999999997,0.0,19.799999999999997
0.0,19.799999999999997,0.0,19.799999999999997
0.0,19.799999999999997,0.0,19.799999999999997
0.0,19.799999999999997,0.0,19.799999999999997
0.0,19.799999999999997,0.0,19.799999999999997
0.0,19.799999999999997,0.0,19.799999999999997
0.0,19.799999999999997,0.0,19.799999999999997
0.0,19.799999999999997,0.0,19.799999999999997
0.0,19.799999999999997,0.0,19.799999999999997
0.0,19.799999999999997,0.0,19.799999999999997
0.0,19.799999999999997,0.0,19.799999999999997
0.0,19.799999999999997,0.0,19.799999999999997
0.0,19.799999999999997,0.0,19.799999999999997
0.0,19.799999999999997,0.0,19.799999999999997
0.0,19.799999999999997,0.0,19.799999999999997
0.0,19.799999999999997,0.0,19.799999999999997
0.0,19.799999999999997,0.0,19.799999999999997
0.0,19.799999999999997,0.0,19.799999999999997
0.0,19.799999999999997,0.0,19.799999999999997
0.0,19.799999999999997,0.0,19.799999999999997
0.0,19.799999999999997,0.0,19.799999999999997
0.0,19.799999999999997,0.0,19.799999999999997
0.0,19.799999999999997,0.0,19.799999999999997
0.0,19.799999999999997,0.0,19.799999999999997
0.0,19.799999999999997,0.0,19.799999999999997
0.0,19.799999999999997,0.0,19.799999999999997
0.0,19.799999999999997,0.0,19.799999999999997
0.0,19.799999999999997,0.0,19.799999999999997
0.0,19.799999999999997,0.0,19.799999999999997
0.0,19.799999999999997,0.0,19.799999999999997
0.0,19.799999999999997,0.0,19.799999999999997
0.0,19.799999999999997,0.0,19.799999999999997
0.0,19.799999999999997,0.0,19.799999999999997
0.0,19.799999999999997,0.0,19.799999999999997
0.0,19.799999999999997,0.0,19.799999999999997
0.0,19.799999999999997,0.0,19.799999999999997
0.0,19.799999999999997,0.0,19.799999999999997
0.0,19.799999999999997,0.0,19.799999999999997
0.0,19.799999999999997,0.0,19.799999999999997
0.0,19.799999999999997,0.0,19.799999999999997
0.0,19.799999999999997,0.0,19.799999999999997
0.0,19.799999999999997,0.0,19.799999999999997
0.0,19.799999999999997,0.0,19.799999999999997
0.0,19.799999999999997,0.0,19.799999999999997
0.0,19.799999999999997,0.0,19.799999999999997
0.0,19.799999999999997,0.0,19.799999999999997
0.0,19.799999999999997,0.0,19.799999999999997
0.0,19.799999999999997,0.0,19.799999999999997
0.0,19.799999999999997,0.0,19.799999999999997
0.0,19.799999999999997,0.0,19.799999999999997
0.0,19.799999999999997,0.0,19.799999999999997
0.0,19.799999999999997,0.0,19.799999999999997
0.0,19.799999999999997,0.0,19.799999999999997
0.0,19.799999999999997,0.0,19.799999999999997
0.0,19.799999999999997,0.0,19.799999999999997
0.0,19.799999999999997,0.0,19.799999999999997
0.0,19.799999999999997,0.0,19.799999999999997
0.0,19.799999999999997,0.0,19.799999999999997
0.0,19.799999999999997,0.0,19.799999999999997
0.0,19.799999999999997,0.0,19.799999999999997
0.0,19.799999999999997,0.0,19.799999999999997
0.0,19.799999999999997,0.0,19.799999999999997
0.0,19.799999999999997,0.0,19.799999999999997
0.0,19.799999999999997,0.0,19.799999999999997
0.0,19.799999999999997,0.0,19.799999999999997
0.0,19.799999999999997,0.0,19.799999999999997
0.0,19.799999999999997,0.0,19.799999999999997
0.0,19.799999999999997,0.0,19.799999999999997
0.0,19.799999999999997,0.0,19.799999999999997
0.0,19.799999999999997,0.0,19.799999999999997
0.0,19.799999999999997,0.0,19.799999999999997
0.0,19.799999999999997,0.0,19.799999999999997
0.0,19.799999999999997,0.0,19.799999999999997
0.0,19.799999999999997,0.0,19.799999999999997
0.0,19.799999999999997,0.0,19.799999999999997
0.0,19.799999999999997,0.0,19.799999999999997
0.0,19.799999999999997,0.0,19.799999999999997
0.0,19.799999999999997,0.0,19.799999999999997
0.0,19.799999999999997,0.0,19.799999999999997
0.0,19.799999999999997,0.0,19.799999999999997
0.0,19.799999999999997,0.0,19.799999999999997
0.0,19.799999999999997,0.0,19.799999999999997
0.0,19.799999999999997,0.0,19.799999999999997
0.0,19.799999999999997,0.0,19.799999999999997
0.0,19.799999999999997,0.0,19.799999999999997
0.0,19.799999999999997,0.0,19.799999999999997
0.0,19.799999999999997,0.0,19.799999999999997
0.0,19.799999999999997,0.0,19.799999999999997
0.0,19.799999999999997,0.0,19.799999999999997
0.0,19.799999999999997,0.0,19.799999999999997
0.0,19.799999999999997,0.0,19.799999999999997
0.0,19.799999999999997,0.0,19.799999999999997
0.0,19.799999999999997,0.0,19.799999999999997
0.0,19.799999999999997,0.0,19.799999999999997
0.0,19.799999999999997,0.0,19.799999999999997
0.0,19.799999999999997,0.0,19.799999999999997
0.0,19.799999999999997,0.0,19.799999999999997
0.0,19.799999999999997,0.0,19.799999999999997
0.0,19.799999999999997,0.0,19.799999999999997
0.0,19.799999999999997,0.0,19.799999999999997
0.0,19.799999999999997,0.0,19.799999999999997
0.0,19.799999999999997,0.0,19.799999999999997
0.0,19.799999999999997,0.0,19.799999999999997
0.0,19.799999999999997,0.0,19.799999999999997
0.0,19.799999999999997,0.0,19.799999999999997
0.0,19.799999999999997,0.0,19.799999999999997
0.0,19.799999999999997,0.0,19.799999999999997
0.0,19.799999999999997,0.0,19.799999999999997
0.0,19.799999999999997,0.0,19.799999999999997
0.0,19.799999999999997,0.0,19.799999999999997
0.0,19.799999999999997,0.0,19.799999999999997
0.0,19.799999999999997,0.0,19.799999999999997
0.0,19.799999999999997,0.0,19.799999999999997
0.0,19.799999999999997,0.0,19.799999999999997
0.0,19.799999999999997,0.0,19.799999999999997
0.0,19.799999999999997,0.0,19.799999999999997
0.0,19.799999999999997,0.0,19.799999999999997
0.0,19.799999999999997,0.0,19.799999999999997
0.0,19.799999999999997,0.0,19.799999999999997
0.0,19.799999999999997,0.0,19.799999999999997
0.0,19.799999999999997,0.0,19.799999999999997
0.0,19.799999999999997,0.0,19.799999999999997
0.0,19.799999999999997,0.0,19.799999999999997
0.0,19.799999999999997,0.0,19.799999999999997
0.0,19.799999999999997,0.0,19.799999999999997
0.0,19.799999999999997,0.0,19.799999999999997
0.0,19.799999999999997,0.0,19.799999999999997
0.0,19.799999999999997,0.0,19.799999999999997
0.0,17.40000000000023,0.0,17.40000000000023
0.0,13.2,0.0,13.2
0.0,13.2,0.0,13.2
0.0,13.2,0.0,13.2
0.0,13.2,0.0,13.2
0.0,13.2,0.0,13.2
0.0,13.2,0.0,13.2
0.0,13.2,0.0,13.2
0.0,13.2,0.0,13.2
0.0,13.2,0.0,13.2
0.0,13.2,0.0,13.2
0.0,13.2,0.0,13.2
0.0,13.2,0.0,13.2
0.0,13.2,0.0,13.2
0.0,13.2,0.0,13.2
0.0,13.2,0.0,13.2
0.0,13.2,0.0,13.2
0.0,13.2,0.0,13.2
0.0,13.2,0.0,13.2
0.0,6.600000000000213,0.0,6.600000000000213
0.0,6.6,0.0,6.6
0.0,6.6,0.0,6.6
0.0,6.6,0.0,6.6
0.0,6.6,0.0,6.6
0.0,6.6,0.0,6.6
0.0,6.6,0.0,6.6
0.0,6.6,0.0,6.6
0.0,6.6,0.0,6.6
0.0,6.6,0.0,6.6
0.0,6.6,0.0,6.6
0.0,6.6,0.0,6.6
0.0,6.6,0.0,6.6
0.0,6.6,0.0,6.6
0.0,6.6,0.0,6.6
0.0,6.6,0.0,6.6
0.0,6.6,0.0,6.6
0.0,6.6,0.0,6.6
0.0,6.6,0.0,6.6
0.0,6.6,0.0,6.6
0.0,6.6,0.0,6.6
0.0,6.6,0.0,6.6
0.0,6.6,0.0,6.6
0.0,6.6,0.0,6.6
0.0,6.6,0.0,6.6
0.0,6.6,0.0,6.6
0.0,6.6,0.0,6.6
0.0,6.6,0.0,6.6
0.0,6.6,0.0,6.6
0.0,6.6,0.0,6.6
0.0,6.6,0.0,6.6
0.0,6.6,0.0,6.6
0.0,6.6,0.0,6.6
0.0,6.6,0.0,6.6
0.0,6.6,0.0,6.6
0.0,6.6,0.0,6.6
0.0,6.6,0.0,6.6
0.0,6.6,0.0,6.6
0.0,6.6,0.0,6.6
0.0,6.6,0.0,6.6
0.0,6.6,0.0,6.6
0.0,6.6,0.0,6.6
0.0,6.6,0.0,6.6
0.0,6.6,0.0,6.6
0.0,6.6,0.0,6.6
0.0,6.6,0.0,6.6
0.0,6.6,0.0,6.6
0.0,6.6,0.0,6.6
0.0,6.6,0.0,6.6
0.0,6.6,0.0,6.6
0.0,6.6,0.0,6.6
0.0,6.6,0.0,6.6
0.0,6.6,0.0,6.6
0.0,6.6,0.0,6.6
0.0,6.6,0.0,6.6
0.0,6.6,0.0,6.6
0.0,6.6,0.0,6.6
0.0,6.6,0.0,6.6
0.0,6.6,0.0,6.6
0.0,6.6,0.0,6.6
0.0,6.6,0.0,6.6
0.0,6.6,0.0,6.6
0.0,6.6,0.0,6.6
0.0,6.6,0.0,6.6
0.0,6.6,0.0,6.6
0.0,6.6,0.0,6.6
0.0,6.6,0.0,6.6
0.0,6.6,0.0,6.6
0.0,6.6,0.0,6.6
0.0,6.6,0.0,6.6
0.0,6.6,0.0,6.6
0.0,6.6,0.0,6.6
0.0,6.6,0.0,6.6
0.0,6.6,0.0,6.6
0.0,6.6,0.0,6.6
0.0,6.6,0.0,6.6
0.0,6.6,0.0,6.6
0.0,6.6,0.0,6.6
0.0,6.6,0.0,6.6
0.0,6.6,0.0,6.6
0.0,6.6,0.0,6.6
0.0,6.6,0.0,6.6
0.0,6.6,0.0,6.6
0.0,6.6,0.0,6.6
0.0,6.6,0.0,6.6
0.0,6.6,0.0,6.6
0.0,6.6,0.0,6.6
0.0,6.6,0.0,6.6
0.0,6.6,0.0,6.6
0.0,6.6,0.0,6.6
0.0,6.6,0.0,6.6
