Other Slow,Other Fast,Total
0.0,0.0,0.0
0.0,0.0,0.0
0.0,0.0,0.0
0.0,0.0,0.0
0.0,0.0,0.0
0.0,0.0,0.0
0.0,0.0,0.0
0.0,0.0,0.0
0.0,0.0,0.0
0.0,0.0,0.0
0.0,0.0,0.0
0.0,0.0,0.0
0.0,0.0,0.0
0.0,0.0,0.0
0.0,0.0,0.0
0.0,0.0,0.0
0.0,0.0,0.0
0.0,0.0,0.0
0.0,0.0,0.0
0.0,0.0,0.0
0.0,0.0,0.0
0.0,0.0,0.0
0.0,0.0,0.0
0.0,0.0,0.0
0.0,0.0,0.0
0.0,0.0,0.0
0.0,0.0,0.0
0.0,0.0,0.0
0.0,0.0,0.0
0.0,0.0,0.0
0.0,0.0,0.0
0.0,0.0,0.0
0.0,0.0,0.0
0.0,0.0,0.0
0.0,0.0,0.0
0.0,0.0,0.0
0.0,0.0,0.0
0.0,0.0,0.0
0.0,0.0,0.0
0.0,0.0,0.0
0.0,0.0,0.0
0.0,0.0,0.0
0.0,0.0,0.0
0.0,0.0,0.0
0.0,0.0,0.0
0.0,0.0,0.0
0.0,0.0,0.0
0.0,0.0,0.0
0.0,0.0,0.0
0.0,0.0,0.0
0.0,0.0,0.0
0.0,0.0,0.0
0.0,0.0,0.0
0.0,0.0,0.0
0.0,0.0,0.0
0.0,0.0,0.0
0.0,0.0,0.0
0.0,0.0,0.0
0.0,0.0,0.0
0.0,0.0,0.0
0.0,0.0,0.0
0.0,0.0,0.0
0.0,0.0,0.0
0.0,0.0,0.0
0.0,0.0,0.0
0.0,0.0,0.0
0.0,0.0,0.0
0.0,0.0,0.0
0.0,0.0,0.0
0.0,0.0,0.0
0.0,0.0,0.0
0.0,0.0,0.0
0.0,0.0,0.0
0.0,0.0,0.0
0.0,0.0,0.0
0.0,0.0,0.0
0.0,0.0,0.0
0.0,0.0,0.0
0.0,0.0,0.0
0.0,0.0,0.0
0.0,0.0,0.0
0.0,0.0,0.0
0.0,0.0,0.0
0.0,0.0,0.0
0.0,0.0,0.0
0.0,0.0,0.0
0.0,0.0,0.0
0.0,0.0,0.0
0.0,0.0,0.0
0.0,0.0,0.0
0.0,0.0,0.0
0.0,0.0,0.0
0.0,0.0,0.0
0.0,0.0,0.0
0.0,0.0,0.0
0.0,0.0,0.0
0.0,0.0,0.0
0.0,0.0,0.0
0.0,0.0,0.0
0.0,0.0,0.0
0.0,0.0,0.0
0.0,0.0,0.0
0.0,0.0,0.0
0.0,0.0,0.0
0.0,0.0,0.0
0.0,0.0,0.0
0.0,0.0,0.0
0.0,0.0,0.0
0.0,0.0,0.0
0.0,0.0,0.0
0.0,0.0,0.0
0.0,0.0,0.0
0.0,0.0,0.0
0.0,0.0,0.0
0.0,0.0,0.0
0.0,0.0,0.0
0.0,0.0,0.0
0.0,0.0,0.0
0.0,0.0,0.0
0.0,0.0,0.0
0.0,0.0,0.0
0.0,0.0,0.0
0.0,0.0,0.0
0.0,0.0,0.0
0.0,0.0,0.0
0.0,0.0,0.0
0.0,0.0,0.0
0.0,0.0,0.0
0.0,0.0,0.0
0.0,0.0,0.0
0.0,0.0,0.0
0.0,0.0,0.0
0.0,0.0,0.0
0.0,0.0,0.0
0.0,0.0,0.0
0.0,0.0,0.0
0.0,0.0,0.0
0.0,0.0,0.0
0.0,0.0,0.0
0.0,0.0,0.0
0.0,0.0,0.0
0.0,0.0,0.0
0.0,0.0,0.0
0.0,0.0,0.0
0.0,0.0,0.0
0.0,0.0,0.0
0.0,0.0,0.0
0.0,0.0,0.0
0.0,0.0,0.0
0.0,0.0,0.0
0.0,0.0,0.0
0.0,0.0,0.0
0.0,0.0,0.0
0.0,0.0,0.0
0.0,0.0,0.0
0.0,0.0,0.0
0.0,0.0,0.0
0.0,0.0,0.0
0.0,0.0,0.0
0.0,0.0,0.0
0.0,0.0,0.0
0.0,0.0,0.0
0.0,0.0,0.0
0.0,0.0,0.0
0.0,0.0,0.0
0.0,0.0,0.0
0.0,0.0,0.0
0.0,0.0,0.0
0.0,0.0,0.0
0.0,0.0,0.0
0.0,0.0,0.0
0.0,0.0,0.0
0.0,0.0,0.0
0.0,0.0,0.0
0.0,0.0,0.0
0.0,0.0,0.0
0.0,0.0,0.0
0.0,0.0,0.0
0.0,0.0,0.0
0.0,0.0,0.0
0.0,0.0,0.0
0.0,0.0,0.0
0.0,0.0,0.0
0.0,0.0,0.0
0.0,0.0,0.0
0.0,0.0,0.0
0.0,0.0,0.0
0.0,0.0,0.0
0.0,0.0,0.0
0.0,0.0,0.0
0.0,0.0,0.0
0.0,0.0,0.0
0.0,0.0,0.0
0.0,0.0,0.0
0.0,0.0,0.0
0.0,0.0,0.0
0.0,0.0,0.0
0.0,0.0,0.0
0.0,0.0,0.0
0.0,0.0,0.0
0.0,0.0,0.0
0.0,0.0,0.0
0.0,0.0,0.0
0.0,0.0,0.0
0.0,0.0,0.0
0.0,0.0,0.0
0.0,0.0,0.0
0.0,0.0,0.0
0.0,0.0,0.0
0.0,0.0,0.0
0.0,0.0,0.0
0.0,0.0,0.0
0.0,0.0,0.0
0.0,0.0,0.0
0.0,0.0,0.0
0.0,0.0,0.0
0.0,0.0,0.0
0.0,0.0,0.0
0.0,0.0,0.0
0.0,0.0,0.0
0.0,0.0,0.0
0.0,0.0,0.0
0.0,0.0,0.0
0.0,0.0,0.0
0.0,0.0,0.0
0.0,0.0,0.0
0.0,0.0,0.0
0.0,0.0,0.0
0.0,0.0,0.0
0.0,0.0,0.0
0.0,0.0,0.0
0.0,0.0,0.0
0.0,0.0,0.0
0.0,0.0,0.0
0.0,0.0,0.0
0.0,0.0,0.0
0.0,0.0,0.0
0.0,0.0,0.0
0.0,0.0,0.0
0.0,0.0,0.0
0.0,0.0,0.0
0.0,0.0,0.0
0.0,0.0,0.0
0.0,0.0,0.0
0.0,0.0,0.0
0.0,0.0,0.0
0.0,0.0,0.0
0.0,0.0,0.0
0.0,0.0,0.0
0.0,0.0,0.0
0.0,0.0,0.0
0.0,0.0,0.0
0.0,0.0,0.0
0.0,0.0,0.0
0.0,0.0,0.0
0.0,0.0,0.0
0.0,0.0,0.0
0.0,0.0,0.0
0.0,0.0,0.0
0.0,0.0,0.0
0.0,0.0,0.0
0.0,0.0,0.0
0.0,0.0,0.0
0.0,0.0,0.0
0.0,0.0,0.0
0.0,0.0,0.0
0.0,0.0,0.0
0.0,0.0,0.0
0.0,0.0,0.0
0.0,0.0,0.0
0.0,0.0,0.0
0.0,0.0,0.0
0.0,0.0,0.0
0.0,0.0,0.0
0.0,0.0,0.0
0.0,0.0,0.0
0.0,0.0,0.0
0.0,0.0,0.0
0.0,0.0,0.0
0.0,0.0,0.0
0.0,0.0,0.0
0.0,0.0,0.0
0.0,0.0,0.0
0.0,0.0,0.0
0.0,0.0,0.0
0.0,0.0,0.0
0.0,0.0,0.0
0.0,0.0,0.0
0.0,0.0,0.0
0.0,0.0,0.0
0.0,0.0,0.0
0.0,0.0,0.0
0.0,0.0,0.0
0.0,0.0,0.0
0.0,0.0,0.0
0.0,0.0,0.0
0.0,0.0,0.0
0.0,0.0,0.0
0.0,0.0,0.0
0.0,0.0,0.0
0.0,0.0,0.0
0.0,0.0,0.0
0.0,0.0,0.0
0.0,0.0,0.0
0.0,0.0,0.0
0.0,0.0,0.0
0.0,0.0,0.0
0.0,0.0,0.0
0.0,0.0,0.0
0.0,0.0,0.0
0.0,0.0,0.0
0.0,0.0,0.0
0.0,0.0,0.0
0.0,0.0,0.0
0.0,0.0,0.0
0.0,0.0,0.0
0.0,0.0,0.0
0.0,0.0,0.0
0.0,0.0,0.0
0.0,0.0,0.0
0.0,0.0,0.0
0.0,0.0,0.0
0.0,0.0,0.0
0.0,0.0,0.0
0.0,0.0,0.0
0.0,0.0,0.0
0.0,0.0,0.0
0.0,0.0,0.0
0.0,0.0,0.0
0.0,0.0,0.0
0.0,0.0,0.0
0.0,0.0,0.0
0.0,0.0,0.0
0.0,0.0,0.0
0.0,0.0,0.0
0.0,0.0,0.0
0.0,0.0,0.0
0.0,0.0,0.0
0.0,0.0,0.0
0.0,0.0,0.0
0.0,0.0,0.0
0.0,0.0,0.0
0.0,0.0,0.0
0.0,0.0,0.0
0.0,0.0,0.0
0.0,0.0,0.0
0.0,0.0,0.0
0.0,0.0,0.0
0.0,0.0,0.0
0.0,0.0,0.0
0.0,0.0,0.0
0.0,0.0,0.0
0.0,0.0,0.0
0.0,0.0,0.0
6.6,0.0,6.6
6.6,0.0,6.6
6.6,0.0,6.6
6.6,0.0,6.6
6.6,0.0,6.6
6.6,0.0,6.6
6.6,0.0,6.6
6.6,0.0,6.6
6.6,0.0,6.6
6.6,0.0,6.6
6.6,0.0,6.6
6.6,0.0,6.6
6.6,0.0,6.6
6.6,0.0,6.6
6.6,0.0,6.6
6.6,0.0,6.6
6.6,0.0,6.6
6.6,0.0,6.6
6.6,0.0,6.6
6.6,0.0,6.6
6.6,0.0,6.6
6.6,0.0,6.6
6.6,0.0,6.6
6.6,0.0,6.6
6.6,0.0,6.6
6.6,0.0,6.6
6.6,0.0,6.6
6.6,0.0,6.6
6.6,0.0,6.6
6.6,0.0,6.6
6.6,0.0,6.6
6.6,0.0,6.6
6.6,0.0,6.6
6.6,0.0,6.6
6.6,0.0,6.6
6.6,0.0,6.6
6.6,0.0,6.6
6.6,0.0,6.6
6.6,0.0,6.6
6.6,0.0,6.6
6.6,0.0,6.6
6.6,0.0,6.6
6.6,0.0,6.6
6.6,0.0,6.6
6.6,0.0,6.6
6.6,0.0,6.6
6.6,0.0,6.6
6.6,0.0,6.6
6.6,0.0,6.6
6.6,0.0,6.6
6.6,0.0,6.6
6.6,0.0,6.6
6.6,0.0,6.6
6.6,0.0,6.6
6.6,0.0,6.6
6.6,0.0,6.6
6.6,0.0,6.6
6.6,0.0,6.6
13.2,0.0,13.2
13.2,0.0,13.2
13.2,0.0,13.2
13.2,0.0,13.2
13.2,0.0,13.2
13.2,0.0,13.2
13.2,0.0,13.2
13.2,0.0,13.2
13.2,0.0,13.2
13.2,0.0,13.2
13.2,0.0,13.2
13.2,0.0,13.2
13.2,0.0,13.2
13.2,0.0,13.2
13.2,0.0,13.2
13.2,0.0,13.2
13.2,0.0,13.2
19.799999999999997,0.0,19.799999999999997
19.799999999999997,0.0,19.799999999999997
19.799999999999997,0.0,19.799999999999997
19.799999999999997,0.0,19.799999999999997
19.799999999999997,0.0,19.799999999999997
19.799999999999997,0.0,19.799999999999997
26.4,0.0,26.4
26.4,0.0,26.4
26.4,0.0,26.4
26.4,0.0,26.4
26.4,0.0,26.4
26.4,0.0,26.4
26.4,0.0,26.4
26.4,0.0,26.4
26.4,0.0,26.4
26.4,0.0,26.4
26.4,0.0,26.4
26.4,0.0,26.4
26.4,0.0,26.4
26.4,0.0,26.4
26.4,0.0,26.4
26.4,0.0,26.4
26.4,0.0,26.4
26.4,0.0,26.4
26.4,0.0,26.4
26.4,0.0,26.4
26.4,0.0,26.4
26.4,0.0,26.4
26.4,0.0,26.4
26.4,0.0,26.4
26.4,0.0,26.4
26.4,0.0,26.4
26.4,0.0,26.4
26.4,0.0,26.4
26.4,0.0,26.4
26.4,0.0,26.4
26.4,0.0,26.4
26.4,0.0,26.4
26.4,0.0,26.4
26.4,0.0,26.4
26.4,0.0,26.4
26.4,0.0,26.4
26.4,0.0,26.4
26.4,0.0,26.4
26.4,0.0,26.4
26.4,0.0,26.4
26.4,0.0,26.4
26.4,0.0,26.4
26.4,0.0,26.4
26.4,0.0,26.4
22.200000000000003,0.0,22.200000000000003
19.799999999999997,0.0,19.799999999999997
19.799999999999997,0.0,19.799999999999997
19.799999999999997,0.0,19.799999999999997
19.799999999999997,0.0,19.799999999999997
19.799999999999997,0.0,19.799999999999997
19.799999999999997,0.0,19.799999999999997
19.799999999999997,0.0,19.799999999999997
19.799999999999997,0.0,19.799999999999997
14.399999999999974,0.0,14.399999999999974
13.2,0.0,13.2
13.2,0.0,13.2
13.2,0.0,13.2
13.2,0.0,13.2
13.2,0.0,13.2
13.2,0.0,13.2
13.2,0.0,13.2
13.2,0.0,13.2
13.2,0.0,13.2
13.2,0.0,13.2
13.2,0.0,13.2
13.2,0.0,13.2
13.2,0.0,13.2
13.2,0.0,13.2
13.2,0.0,13.2
13.2,0.0,13.2
13.2,0.0,13.2
13.2,0.0,13.2
13.2,0.0,13.2
13.2,0.0,13.2
13.2,0.0,13.2
13.2,0.0,13.2
13.2,0.0,13.2
13.2,0.0,13.2
13.2,0.0,13.2
13.2,0.0,13.2
13.2,0.0,13.2
13.2,0.0,13.2
13.2,0.0,13.2
13.2,0.0,13.2
13.2,0.0,13.2
13.2,0.0,13.2
13.2,0.0,13.2
13.2,0.0,13.2
13.2,0.0,13.2
13.2,0.0,13.2
13.2,0.0,13.2
13.2,0.0,13.2
13.2,0.0,13.2
13.2,0.0,13.2
13.2,0.0,13.2
13.2,0.0,13.2
13.2,0.0,13.2
13.2,0.0,13.2
13.2,0.0,13.2
13.2,0.0,13.2
13.2,0.0,13.2
13.2,0.0,13.2
13.2,0.0,13.2
13.2,0.0,13.2
13.2,0.0,13.2
13.2,0.0,13.2
13.2,0.0,13.2
13.2,0.0,13.2
13.2,0.0,13.2
13.2,0.0,13.2
13.2,0.0,13.2
13.2,0.0,13.2
13.2,0.0,13.2
13.2,0.0,13.2
13.2,0.0,13.2
8.999999999999948,0.0,8.999999999999948
6.6,0.0,6.6
6.6,0.0,6.6
6.6,0.0,6.6
6.6,0.0,6.6
6.6,150.0,156.6
6.6,150.0,156.6
6.6,150.0,156.6
6.6,150.0,156.6
6.6,150.0,156.6
6.6,146.99999999999994,153.59999999999994
6.6,0.0,6.6
6.6,0.0,6.6
6.6,0.0,6.6
6.6,0.0,6.6
6.6,0.0,6.6
6.6,0.0,6.6
6.6,0.0,6.6
3.60000000000003,0.0,3.60000000000003
0.0,0.0,0.0
0.0,0.0,0.0
0.0,0.0,0.0
0.0,0.0,0.0
0.0,0.0,0.0
0.0,0.0,0.0
0.0,0.0,0.0
0.0,0.0,0.0
0.0,0.0,0.0
0.0,0.0,0.0
0.0,0.0,0.0
0.0,0.0,0.0
0.0,0.0,0.0
0.0,0.0,0.0
0.0,0.0,0.0
0.0,0.0,0.0
0.0,0.0,0.0
0.0,0.0,0.0
0.0,0.0,0.0
0.0,150.0,150.0
0.0,150.0,150.0
0.0,150.0,150.0
0.0,150.0,150.0
0.0,150.0,150.0
0.0,150.0,150.0
0.0,150.0,150.0
0.0,150.0,150.0
0.0,150.0,150.0
0.0,150.0,150.0
0.0,150.0,150.0
0.0,150.0,150.0
0.0,150.0,150.0
0.0,81.59999999999997,81.59999999999997
0.0,0.0,0.0
0.0,0.0,0.0
0.0,0.0,0.0
0.0,0.0,0.0
0.0,0.0,0.0
0.0,0.0,0.0
0.0,0.0,0.0
6.6,0.0,6.6
13.2,0.0,13.2
13.2,0.0,13.2
13.2,0.0,13.2
13.2,0.0,13.2
13.2,0.0,13.2
13.2,0.0,13.2
13.2,0.0,13.2
13.2,0.0,13.2
13.2,0.0,13.2
13.2,0.0,13.2
13.2,0.0,13.2
13.2,0.0,13.2
13.2,0.0,13.2
13.2,0.0,13.2
13.2,0.0,13.2
13.2,0.0,13.2
13.2,0.0,13.2
13.2,0.0,13.2
13.2,0.0,13.2
13.2,0.0,13.2
13.2,0.0,13.2
13.2,0.0,13.2
19.799999999999997,0.0,19.799999999999997
19.799999999999997,0.0,19.799999999999997
19.799999999999997,0.0,19.799999999999997
19.799999999999997,0.0,19.799999999999997
19.799999999999997,0.0,19.799999999999997
19.799999999999997,0.0,19.799999999999997
19.799999999999997,0.0,19.799999999999997
19.799999999999997,0.0,19.799999999999997
19.799999999999997,0.0,19.799999999999997
19.799999999999997,0.0,19.799999999999997
19.799999999999997,0.0,19.799999999999997
19.799999999999997,0.0,19.799999999999997
19.799999999999997,0.0,19.799999999999997
19.799999999999997,0.0,19.799999999999997
19.799999999999997,0.0,19.799999999999997
19.799999999999997,0.0,19.799999999999997
19.799999999999997,0.0,19.799999999999997
19.799999999999997,0.0,19.799999999999997
19.799999999999997,0.0,19.799999999999997
19.799999999999997,0.0,19.799999999999997
19.799999999999997,0.0,19.799999999999997
19.799999999999997,0.0,19.799999999999997
19.799999999999997,0.0,19.799999999999997
19.799999999999997,0.0,19.799999999999997
19.799999999999997,0.0,19.799999999999997
19.799999999999997,0.0,19.799999999999997
19.799999999999997,0.0,19.799999999999997
19.799999999999997,0.0,19.799999999999997
19.799999999999997,0.0,19.799999999999997
19.799999999999997,0.0,19.799999999999997
15.600000000000055,0.0,15.600000000000055
13.2,0.0,13.2
13.2,0.0,13.2
13.2,0.0,13.2
13.2,0.0,13.2
13.2,0.0,13.2
13.2,0.0,13.2
13.2,0.0,13.2
13.2,0.0,13.2
13.2,0.0,13.2
13.2,0.0,13.2
13.2,0.0,13.2
13.2,0.0,13.2
13.2,0.0,13.2
13.2,0.0,13.2
13.2,0.0,13.2
13.2,0.0,13.2
13.2,0.0,13.2
13.2,0.0,13.2
13.2,0.0,13.2
13.2,0.0,13.2
13.2,0.0,13.2
13.2,0.0,13.2
13.2,0.0,13.2
13.2,0.0,13.2
19.799999999999997,0.0,19.799999999999997
19.799999999999997,0.0,19.799999999999997
19.799999999999997,0.0,19.799999999999997
19.799999999999997,0.0,19.799999999999997
19.799999999999997,0.0,19.799999999999997
19.799999999999997,0.0,19.799999999999997
19.799999999999997,0.0,19.799999999999997
19.799999999999997,0.0,19.799999999999997
19.799999999999997,0.0,19.799999999999997
19.799999999999997,0.0,19.799999999999997
19.799999999999997,0.0,19.799999999999997
19.799999999999997,0.0,19.799999999999997
19.799999999999997,0.0,19.799999999999997
13.8,0.0,13.8
13.2,0.0,13.2
13.2,0.0,13.2
13.2,0.0,13.2
13.2,0.0,13.2
13.2,0.0,13.2
13.2,0.0,13.2
13.2,0.0,13.2
13.2,0.0,13.2
13.2,0.0,13.2
13.2,0.0,13.2
13.2,0.0,13.2
13.2,0.0,13.2
13.2,0.0,13.2
12.599999999999978,0.0,12.599999999999978
6.6,0.0,6.6
6.6,0.0,6.6
6.6,0.0,6.6
6.6,0.0,6.6
6.6,0.0,6.6
6.6,0.0,6.6
6.6,0.0,6.6
6.6,0.0,6.6
6.6,0.0,6.6
6.6,0.0,6.6
6.6,0.0,6.6
6.6,0.0,6.6
6.6,0.0,6.6
13.2,0.0,13.2
13.2,0.0,13.2
13.2,0.0,13.2
13.2,0.0,13.2
13.2,0.0,13.2
13.2,150.0,163.2
13.2,150.0,163.2
13.2,127.8,141.0
13.2,0.0,13.2
13.2,0.0,13.2
13.2,0.0,13.2
13.2,0.0,13.2
13.2,0.0,13.2
13.2,0.0,13.2
13.2,0.0,13.2
13.2,0.0,13.2
13.2,0.0,13.2
13.2,0.0,13.2
13.2,0.0,13.2
13.2,0.0,13.2
13.2,0.0,13.2
13.2,0.0,13.2
13.2,0.0,13.2
13.2,0.0,13.2
13.2,0.0,13.2
13.2,0.0,13.2
13.2,0.0,13.2
19.799999999999997,0.0,19.799999999999997
19.799999999999997,0.0,19.799999999999997
19.799999999999997,0.0,19.799999999999997
19.799999999999997,0.0,19.799999999999997
19.799999999999997,0.0,19.799999999999997
19.799999999999997,0.0,19.799999999999997
16.800000000000004,0.0,16.800000000000004
13.2,0.0,13.2
13.2,0.0,13.2
13.2,0.0,13.2
13.2,0.0,13.2
13.2,0.0,13.2
7.799999999999974,0.0,7.799999999999974
6.6,0.0,6.6
6.6,0.0,6.6
6.6,0.0,6.6
6.6,0.0,6.6
13.2,0.0,13.2
13.2,0.0,13.2
13.2,0.0,13.2
13.2,0.0,13.2
13.2,0.0,13.2
13.2,0.0,13.2
13.2,0.0,13.2
13.2,0.0,13.2
13.2,0.0,13.2
13.2,0.0,13.2
13.2,0.0,13.2
13.2,0.0,13.2
13.2,0.0,13.2
13.2,0.0,13.2
13.2,0.0,13.2
13.2,0.0,13.2
13.2,0.0,13.2
13.2,0.0,13.2
13.2,0.0,13.2
13.2,0.0,13.2
13.2,0.0,13.2
13.2,0.0,13.2
13.2,0.0,13.2
13.2,0.0,13.2
13.2,0.0,13.2
13.2,0.0,13.2
13.2,0.0,13.2
13.2,0.0,13.2
13.2,0.0,13.2
13.2,0.0,13.2
13.2,0.0,13.2
13.2,0.0,13.2
13.2,0.0,13.2
13.2,0.0,13.2
13.2,0.0,13.2
10.800000000000017,0.0,10.800000000000017
6.6,0.0,6.6
6.6,0.0,6.6
6.6,0.0,6.6
6.6,0.0,6.6
6.6,0.0,6.6
6.6,0.0,6.6
6.6,0.0,6.6
6.6,0.0,6.6
6.6,0.0,6.6
6.6,0.0,6.6
6.6,0.0,6.6
6.6,0.0,6.6
6.6,0.0,6.6
6.6,0.0,6.6
6.6,0.0,6.6
6.6,0.0,6.6
6.6,0.0,6.6
6.6,0.0,6.6
6.6,0.0,6.6
6.6,0.0,6.6
6.6,0.0,6.6
6.6,0.0,6.6
6.6,0.0,6.6
6.6,0.0,6.6
6.6,0.0,6.6
6.6,0.0,6.6
6.6,0.0,6.6
6.6,0.0,6.6
6.6,0.0,6.6
6.6,0.0,6.6
6.6,0.0,6.6
6.6,0.0,6.6
6.6,0.0,6.6
6.6,0.0,6.6
6.6,0.0,6.6
6.6,0.0,6.6
6.6,0.0,6.6
6.6,0.0,6.6
6.6,0.0,6.6
6.6,0.0,6.6
6.6,0.0,6.6
6.6,0.0,6.6
6.6,0.0,6.6
6.6,0.0,6.6
6.6,0.0,6.6
6.6,0.0,6.6
6.6,0.0,6.6
6.6,0.0,6.6
6.6,0.0,6.6
6.6,0.0,6.6
6.6,0.0,6.6
6.6,0.0,6.6
6.6,0.0,6.6
6.6,0.0,6.6
6.6,0.0,6.6
6.6,0.0,6.6
6.6,0.0,6.6
13.2,0.0,13.2
13.2,0.0,13.2
13.2,0.0,13.2
13.2,0.0,13.2
13.2,0.0,13.2
13.2,0.0,13.2
13.2,0.0,13.2
13.2,0.0,13.2
13.2,0.0,13.2
12.000000000000004,0.0,12.000000000000004
6.6,0.0,6.6
6.6,0.0,6.6
13.2,0.0,13.2
13.2,0.0,13.2
13.2,0.0,13.2
13.2,0.0,13.2
13.2,0.0,13.2
13.2,0.0,13.2
13.2,0.0,13.2
13.2,0.0,13.2
13.2,0.0,13.2
13.2,0.0,13.2
13.2,0.0,13.2
13.2,0.0,13.2
13.2,0.0,13.2
13.2,0.0,13.2
13.2,0.0,13.2
13.2,0.0,13.2
13.2,0.0,13.2
13.2,0.0,13.2
13.2,0.0,13.2
13.2,0.0,13.2
13.2,0.0,13.2
13.2,0.0,13.2
13.2,0.0,13.2
13.2,0.0,13.2
13.2,0.0,13.2
13.2,0.0,13.2
13.2,0.0,13.2
13.2,0.0,13.2
13.2,0.0,13.2
13.2,0.0,13.2
13.2,0.0,13.2
13.2,0.0,13.2
13.2,0.0,13.2
13.2,0.0,13.2
13.2,0.0,13.2
13.2,0.0,13.2
13.2,0.0,13.2
13.2,0.0,13.2
13.2,0.0,13.2
13.2,0.0,13.2
13.2,0.0,13.2
13.2,0.0,13.2
13.2,0.0,13.2
13.2,0.0,13.2
13.2,0.0,13.2
13.2,0.0,13.2
13.2,0.0,13.2
13.2,0.0,13.2
13.2,0.0,13.2
13.2,0.0,13.2
13.2,0.0,13.2
13.2,0.0,13.2
13.2,0.0,13.2
13.2,0.0,13.2
13.2,0.0,13.2
13.2,0.0,13.2
13.2,0.0,13.2
13.2,0.0,13.2
13.2,0.0,13.2
13.2,0.0,13.2
13.2,0.0,13.2
13.2,0.0,13.2
13.2,0.0,13.2
13.2,0.0,13.2
13.2,0.0,13.2
13.2,0.0,13.2
13.2,0.0,13.2
13.2,0.0,13.2
13.2,0.0,13.2
13.2,0.0,13.2
13.2,0.0,13.2
13.2,0.0,13.2
13.2,0.0,13.2
13.2,0.0,13.2
13.2,0.0,13.2
13.2,0.0,13.2
13.2,0.0,13.2
13.2,0.0,13.2
13.2,0.0,13.2
13.2,0.0,13.2
13.2,0.0,13.2
13.2,0.0,13.2
13.2,0.0,13.2
13.2,0.0,13.2
13.2,0.0,13.2
13.2,0.0,13.2
13.2,0.0,13.2
13.2,0.0,13.2
13.2,0.0,13.2
13.2,0.0,13.2
13.2,0.0,13.2
13.2,0.0,13.2
13.2,0.0,13.2
13.2,0.0,13.2
13.2,0.0,13.2
13.2,0.0,13.2
13.2,0.0,13.2
13.2,0.0,13.2
13.2,0.0,13.2
13.2,0.0,13.2
13.2,0.0,13.2
13.2,0.0,13.2
13.2,0.0,13.2
13.2,0.0,13.2
13.2,0.0,13.2
13.2,0.0,13.2
13.2,0.0,13.2
13.2,0.0,13.2
13.2,0.0,13.2
13.2,0.0,13.2
13.2,0.0,13.2
13.2,0.0,13.2
13.2,0.0,13.2
13.2,0.0,13.2
13.2,0.0,13.2
13.2,0.0,13.2
13.2,0.0,13.2
13.2,0.0,13.2
13.2,0.0,13.2
13.2,0.0,13.2
13.2,0.0,13.2
13.2,0.0,13.2
13.2,0.0,13.2
13.2,0.0,13.2
13.2,0.0,13.2
13.2,0.0,13.2
13.2,0.0,13.2
13.2,0.0,13.2
13.2,0.0,13.2
13.2,0.0,13.2
13.2,0.0,13.2
13.2,0.0,13.2
13.2,0.0,13.2
13.2,0.0,13.2
13.2,0.0,13.2
13.2,0.0,13.2
13.2,0.0,13.2
13.2,0.0,13.2
13.2,0.0,13.2
13.2,0.0,13.2
13.2,0.0,13.2
13.2,0.0,13.2
13.2,0.0,13.2
13.2,0.0,13.2
13.2,0.0,13.2
13.2,0.0,13.2
13.2,0.0,13.2
13.2,0.0,13.2
13.2,0.0,13.2
13.2,0.0,13.2
13.2,0.0,13.2
13.2,0.0,13.2
13.2,0.0,13.2
13.2,0.0,13.2
13.2,0.0,13.2
13.2,0.0,13.2
13.2,0.0,13.2
13.2,0.0,13.2
13.2,0.0,13.2
13.2,0.0,13.2
13.2,0.0,13.2
13.2,0.0,13.2
13.2,0.0,13.2
13.2,0.0,13.2
13.2,0.0,13.2
13.2,0.0,13.2
13.2,0.0,13.2
13.2,0.0,13.2
13.2,0.0,13.2
13.2,0.0,13.2
11.999999999999991,0.0,11.999999999999991
6.6,0.0,6.6
6.6,0.0,6.6
6.6,0.0,6.6
6.6,0.0,6.6
6.6,0.0,6.6
6.6,0.0,6.6
6.6,0.0,6.6
6.6,0.0,6.6
6.6,0.0,6.6
3.0000000000000426,0.0,3.0000000000000426
0.0,0.0,0.0
0.0,0.0,0.0
0.0,0.0,0.0
0.0,0.0,0.0
0.0,0.0,0.0
0.0,0.0,0.0
0.0,0.0,0.0
0.0,0.0,0.0
0.0,0.0,0.0
0.0,0.0,0.0
0.0,0.0,0.0
0.0,0.0,0.0
0.0,0.0,0.0
0.0,0.0,0.0
0.0,0.0,0.0
0.0,0.0,0.0
0.0,0.0,0.0
0.0,0.0,0.0
0.0,0.0,0.0
0.0,0.0,0.0
0.0,0.0,0.0
0.0,0.0,0.0
0.0,150.0,150.0
0.0,2.400000000000002,2.400000000000002
0.0,0.0,0.0
0.0,0.0,0.0
0.0,0.0,0.0
0.0,0.0,0.0
0.0,0.0,0.0
0.0,0.0,0.0
0.0,0.0,0.0
0.0,0.0,0.0
0.0,0.0,0.0
0.0,0.0,0.0
0.0,0.0,0.0
0.0,0.0,0.0
0.0,0.0,0.0
0.0,0.0,0.0
0.0,0.0,0.0
0.0,0.0,0.0
0.0,0.0,0.0
0.0,0.0,0.0
0.0,0.0,0.0
0.0,0.0,0.0
0.0,0.0,0.0
0.0,0.0,0.0
0.0,0.0,0.0
0.0,0.0,0.0
0.0,0.0,0.0
0.0,0.0,0.0
0.0,0.0,0.0
0.0,0.0,0.0
0.0,0.0,0.0
6.6,0.0,6.6
6.6,0.0,6.6
6.6,0.0,6.6
6.6,0.0,6.6
6.6,0.0,6.6
6.6,0.0,6.6
6.6,0.0,6.6
6.6,0.0,6.6
6.6,0.0,6.6
6.6,0.0,6.6
6.6,0.0,6.6
6.6,0.0,6.6
6.6,0.0,6.6
6.6,0.0,6.6
6.6,0.0,6.6
6.6,0.0,6.6
6.6,0.0,6.6
6.6,0.0,6.6
6.6,0.0,6.6
6.6,0.0,6.6
6.6,0.0,6.6
6.6,0.0,6.6
6.6,0.0,6.6
6.6,0.0,6.6
6.6,0.0,6.6
6.6,0.0,6.6
6.6,0.0,6.6
6.6,0.0,6.6
6.6,0.0,6.6
6.6,0.0,6.6
6.6,0.0,6.6
6.6,0.0,6.6
6.6,0.0,6.6
6.6,0.0,6.6
6.6,0.0,6.6
6.6,0.0,6.6
6.6,0.0,6.6
6.6,0.0,6.6
6.6,0.0,6.6
6.6,0.0,6.6
6.6,0.0,6.6
6.6,0.0,6.6
6.6,0.0,6.6
6.6,0.0,6.6
6.6,0.0,6.6
6.6,0.0,6.6
6.6,0.0,6.6
6.6,0.0,6.6
6.6,0.0,6.6
6.6,0.0,6.6
6.6,0.0,6.6
6.6,0.0,6.6
6.6,0.0,6.6
6.6,0.0,6.6
6.6,0.0,6.6
6.6,0.0,6.6
6.6,0.0,6.6
6.6,0.0,6.6
6.6,0.0,6.6
6.6,0.0,6.6
2.400000000000002,0.0,2.400000000000002
0.0,0.0,0.0
0.0,0.0,0.0
0.0,0.0,0.0
0.0,0.0,0.0
0.0,0.0,0.0
0.0,0.0,0.0
0.0,0.0,0.0
0.0,0.0,0.0
0.0,0.0,0.0
0.0,0.0,0.0
0.0,0.0,0.0
0.0,0.0,0.0
0.0,0.0,0.0
0.0,0.0,0.0
0.0,0.0,0.0
0.0,0.0,0.0
0.0,0.0,0.0
0.0,0.0,0.0
0.0,0.0,0.0
0.0,0.0,0.0
0.0,0.0,0.0
0.0,0.0,0.0
0.0,0.0,0.0
0.0,0.0,0.0
0.0,0.0,0.0
0.0,0.0,0.0
0.0,0.0,0.0
0.0,0.0,0.0
0.0,0.0,0.0
0.0,0.0,0.0
0.0,0.0,0.0
0.0,0.0,0.0
0.0,0.0,0.0
0.0,0.0,0.0
0.0,0.0,0.0
0.0,0.0,0.0
0.0,0.0,0.0
0.0,0.0,0.0
0.0,0.0,0.0
0.0,0.0,0.0
0.0,0.0,0.0
0.0,0.0,0.0
0.0,0.0,0.0
0.0,0.0,0.0
0.0,0.0,0.0
0.0,0.0,0.0
0.0,0.0,0.0
0.0,0.0,0.0
0.0,0.0,0.0
0.0,0.0,0.0
0.0,0.0,0.0
0.0,0.0,0.0
0.0,0.0,0.0
0.0,0.0,0.0
0.0,0.0,0.0
0.0,0.0,0.0
0.0,0.0,0.0
0.0,0.0,0.0
0.0,0.0,0.0
0.0,0.0,0.0
0.0,0.0,0.0
0.0,0.0,0.0
0.0,0.0,0.0
0.0,0.0,0.0
0.0,0.0,0.0
0.0,0.0,0.0
0.0,0.0,0.0
0.0,0.0,0.0
0.0,0.0,0.0
0.0,0.0,0.0
0.0,0.0,0.0
0.0,0.0,0.0
0.0,0.0,0.0
0.0,0.0,0.0
0.0,0.0,0.0
0.0,0.0,0.0
0.0,0.0,0.0
0.0,0.0,0.0
0.0,0.0,0.0
0.0,0.0,0.0
0.0,0.0,0.0
0.0,0.0,0.0
0.0,0.0,0.0
0.0,0.0,0.0
0.0,0.0,0.0
0.0,0.0,0.0
0.0,150.0,150.0
0.0,150.0,150.0
0.0,150.0,150.0
0.0,150.0,150.0
0.0,150.0,150.0
0.0,150.0,150.0
0.0,106.19999999999997,106.19999999999997
0.0,0.0,0.0
0.0,0.0,0.0
0.0,0.0,0.0
0.0,0.0,0.0
0.0,0.0,0.0
0.0,0.0,0.0
0.0,0.0,0.0
0.0,0.0,0.0
0.0,0.0,0.0
0.0,0.0,0.0
0.0,0.0,0.0
0.0,0.0,0.0
0.0,0.0,0.0
0.0,0.0,0.0
0.0,0.0,0.0
0.0,0.0,0.0
0.0,0.0,0.0
0.0,0.0,0.0
0.0,0.0,0.0
0.0,0.0,0.0
0.0,0.0,0.0
0.0,0.0,0.0
0.0,0.0,0.0
0.0,0.0,0.0
0.0,0.0,0.0
0.0,0.0,0.0
0.0,0.0,0.0
0.0,0.0,0.0
0.0,0.0,0.0
0.0,0.0,0.0
0.0,0.0,0.0
0.0,0.0,0.0
0.0,0.0,0.0
0.0,0.0,0.0
0.0,0.0,0.0
0.0,0.0,0.0
0.0,0.0,0.0
0.0,0.0,0.0
0.0,0.0,0.0
0.0,0.0,0.0
0.0,0.0,0.0
0.0,0.0,0.0
0.0,0.0,0.0
0.0,0.0,0.0
0.0,0.0,0.0
0.0,0.0,0.0
0.0,0.0,0.0
0.0,0.0,0.0
0.0,0.0,0.0
0.0,0.0,0.0
0.0,0.0,0.0
0.0,0.0,0.0
0.0,0.0,0.0
0.0,0.0,0.0
0.0,0.0,0.0
0.0,0.0,0.0
0.0,0.0,0.0
0.0,0.0,0.0
0.0,0.0,0.0
0.0,0.0,0.0
0.0,0.0,0.0
0.0,0.0,0.0
0.0,0.0,0.0
0.0,0.0,0.0
0.0,0.0,0.0
0.0,0.0,0.0
0.0,0.0,0.0
0.0,0.0,0.0
0.0,0.0,0.0
0.0,0.0,0.0
0.0,0.0,0.0
0.0,0.0,0.0
0.0,0.0,0.0
0.0,0.0,0.0
0.0,0.0,0.0
0.0,0.0,0.0
0.0,0.0,0.0
0.0,0.0,0.0
0.0,0.0,0.0
0.0,0.0,0.0
0.0,0.0,0.0
0.0,0.0,0.0
0.0,0.0,0.0
0.0,0.0,0.0
0.0,0.0,0.0
0.0,0.0,0.0
0.0,0.0,0.0
0.0,0.0,0.0
0.0,0.0,0.0
0.0,0.0,0.0
0.0,0.0,0.0
0.0,0.0,0.0
0.0,0.0,0.0
0.0,0.0,0.0
0.0,0.0,0.0
0.0,0.0,0.0
0.0,0.0,0.0
0.0,0.0,0.0
0.0,0.0,0.0
0.0,0.0,0.0
0.0,0.0,0.0
0.0,0.0,0.0
0.0,0.0,0.0
0.0,0.0,0.0
0.0,0.0,0.0
0.0,0.0,0.0
0.0,0.0,0.0
0.0,0.0,0.0
0.0,0.0,0.0
0.0,0.0,0.0
0.0,0.0,0.0
0.0,0.0,0.0
0.0,0.0,0.0
0.0,0.0,0.0
0.0,0.0,0.0
0.0,0.0,0.0
0.0,0.0,0.0
0.0,0.0,0.0
0.0,0.0,0.0
0.0,0.0,0.0
0.0,0.0,0.0
0.0,0.0,0.0
0.0,0.0,0.0
0.0,0.0,0.0
0.0,0.0,0.0
0.0,0.0,0.0
0.0,0.0,0.0
0.0,0.0,0.0
0.0,0.0,0.0
0.0,0.0,0.0
0.0,0.0,0.0
0.0,0.0,0.0
0.0,0.0,0.0
0.0,0.0,0.0
0.0,0.0,0.0
0.0,0.0,0.0
0.0,0.0,0.0
0.0,0.0,0.0
0.0,0.0,0.0
0.0,0.0,0.0
0.0,0.0,0.0
0.0,0.0,0.0
0.0,0.0,0.0
0.0,0.0,0.0
0.0,0.0,0.0
0.0,0.0,0.0
0.0,0.0,0.0
0.0,0.0,0.0
0.0,0.0,0.0
0.0,0.0,0.0
0.0,0.0,0.0
0.0,0.0,0.0
0.0,0.0,0.0
0.0,0.0,0.0
0.0,0.0,0.0
0.0,0.0,0.0
0.0,0.0,0.0
0.0,0.0,0.0
0.0,0.0,0.0
0.0,0.0,0.0
0.0,0.0,0.0
0.0,0.0,0.0
0.0,0.0,0.0
0.0,0.0,0.0
0.0,0.0,0.0
0.0,0.0,0.0
0.0,0.0,0.0
0.0,0.0,0.0
0.0,0.0,0.0
0.0,0.0,0.0
0.0,0.0,0.0
0.0,0.0,0.0
0.0,0.0,0.0
0.0,0.0,0.0
0.0,0.0,0.0
